This file contains any messages produced by compilers while
running configure, to aid debugging if configure makes a mistake.

It was created by postgis configure 3.7 , which was
generated by GNU Autoconf 2.69.  Invocation command line was

  $ ./configure --with-geosconfig=/usr/local/geos/bin/geos-config --with-pgconfig=/home/wangbin/pgsql_trace/bin/pg_config --with-projdir=/usr/local/proj CPPFLAGS=-I/usr/local/gmp/include -I/usr/local/proj/includ LDFLAGS=-L/usr/local/gmp/lib  -L/usr/local/proj/lib64 --without-protobuf --without-raster LIBS=-lgmp

## --------- ##
## Platform. ##
## --------- ##

hostname = 7cc4dd9694cf
uname -m = x86_64
uname -r = 6.6.87.2-microsoft-standard-WSL2
uname -s = Linux
uname -v = #1 SMP PREEMPT_DYNAMIC Thu Jun  5 18:30:46 UTC 2025

/usr/bin/uname -p = x86_64
/bin/uname -X     = unknown

/bin/arch              = x86_64
/usr/bin/arch -k       = unknown
/usr/convex/getsysinfo = unknown
/usr/bin/hostinfo      = unknown
/bin/machine           = unknown
/usr/bin/oslevel       = unknown
/bin/universe          = unknown

PATH: /home/wangbin/pgsql_trace/bin
PATH: /home/wangbin/pgsql_trace/bin
PATH: /home/wangbin/pgsql_trace/bin
PATH: /opt/rh/devtoolset-11/root/usr/bin
PATH: /usr/local/sbin
PATH: /usr/local/bin
PATH: /usr/sbin
PATH: /usr/bin
PATH: /sbin
PATH: /bin


## ----------- ##
## Core tests. ##
## ----------- ##

configure:2634: checking for a BSD-compatible install
configure:2702: result: /usr/bin/install -c
configure:2745: checking build system type
configure:2759: result: x86_64-unknown-linux-gnu
configure:2779: checking host system type
configure:2792: result: x86_64-unknown-linux-gnu
configure:2833: checking how to print strings
configure:2860: result: printf
configure:2929: checking for gcc
configure:2945: found /opt/rh/devtoolset-11/root/usr/bin/gcc
configure:2956: result: gcc
configure:3185: checking for C compiler version
configure:3194: gcc --version >&5
gcc (GCC) 11.2.1 20220127 (Red Hat 11.2.1-9)
Copyright (C) 2021 Free Software Foundation, Inc.
This is free software; see the source for copying conditions.  There is NO
warranty; not even for MERCHANTABILITY or FITNESS FOR A PARTICULAR PURPOSE.

configure:3205: $? = 0
configure:3194: gcc -v >&5
Using built-in specs.
COLLECT_GCC=gcc
COLLECT_LTO_WRAPPER=/opt/rh/devtoolset-11/root/usr/libexec/gcc/x86_64-redhat-linux/11/lto-wrapper
Target: x86_64-redhat-linux
Configured with: ../configure --enable-bootstrap --enable-languages=c,c++,fortran,lto --prefix=/opt/rh/devtoolset-11/root/usr --mandir=/opt/rh/devtoolset-11/root/usr/share/man --infodir=/opt/rh/devtoolset-11/root/usr/share/info --with-bugurl=http://bugzilla.redhat.com/bugzilla --enable-shared --enable-threads=posix --enable-checking=release --enable-multilib --with-system-zlib --enable-__cxa_atexit --disable-libunwind-exceptions --enable-gnu-unique-object --enable-linker-build-id --with-gcc-major-version-only --with-linker-hash-style=gnu --with-default-libstdcxx-abi=gcc4-compatible --enable-plugin --enable-initfini-array --with-isl=/builddir/build/BUILD/gcc-11.2.1-20220127/obj-x86_64-redhat-linux/isl-install --enable-gnu-indirect-function --with-tune=generic --with-arch_32=x86-64 --build=x86_64-redhat-linux
Thread model: posix
Supported LTO compression algorithms: zlib
gcc version 11.2.1 20220127 (Red Hat 11.2.1-9) (GCC) 
configure:3205: $? = 0
configure:3194: gcc -V >&5
gcc: error: unrecognized command-line option '-V'
gcc: fatal error: no input files
compilation terminated.
configure:3205: $? = 1
configure:3194: gcc -qversion >&5
gcc: error: unrecognized command-line option '-qversion'; did you mean '--version'?
gcc: fatal error: no input files
compilation terminated.
configure:3205: $? = 1
configure:3225: checking whether the C compiler works
configure:3247: gcc  -I/usr/local/gmp/include -I/usr/local/proj/includ -L/usr/local/gmp/lib  -L/usr/local/proj/lib64 conftest.c -lgmp >&5
configure:3251: $? = 0
configure:3299: result: yes
configure:3302: checking for C compiler default output file name
configure:3304: result: a.out
configure:3310: checking for suffix of executables
configure:3317: gcc -o conftest  -I/usr/local/gmp/include -I/usr/local/proj/includ -L/usr/local/gmp/lib  -L/usr/local/proj/lib64 conftest.c -lgmp >&5
configure:3321: $? = 0
configure:3343: result: 
configure:3365: checking whether we are cross compiling
configure:3373: gcc -o conftest  -I/usr/local/gmp/include -I/usr/local/proj/includ -L/usr/local/gmp/lib  -L/usr/local/proj/lib64 conftest.c -lgmp >&5
configure:3377: $? = 0
configure:3384: ./conftest
configure:3388: $? = 0
configure:3403: result: no
configure:3408: checking for suffix of object files
configure:3430: gcc -c  -I/usr/local/gmp/include -I/usr/local/proj/includ conftest.c >&5
configure:3434: $? = 0
configure:3455: result: o
configure:3459: checking whether we are using the GNU C compiler
configure:3478: gcc -c  -I/usr/local/gmp/include -I/usr/local/proj/includ conftest.c >&5
configure:3478: $? = 0
configure:3487: result: yes
configure:3496: checking whether gcc accepts -g
configure:3516: gcc -c -g -I/usr/local/gmp/include -I/usr/local/proj/includ conftest.c >&5
configure:3516: $? = 0
configure:3557: result: yes
configure:3574: checking for gcc option to accept ISO C89
configure:3637: gcc  -c -g -O2 -I/usr/local/gmp/include -I/usr/local/proj/includ conftest.c >&5
configure:3637: $? = 0
configure:3650: result: none needed
configure:3670: checking for a sed that does not truncate output
configure:3734: result: /usr/bin/sed
configure:3752: checking for grep that handles long lines and -e
configure:3810: result: /usr/bin/grep
configure:3815: checking for egrep
configure:3877: result: /usr/bin/grep -E
configure:3882: checking for fgrep
configure:3944: result: /usr/bin/grep -F
configure:3979: checking for ld used by gcc
configure:4046: result: /opt/rh/devtoolset-11/root/usr/libexec/gcc/x86_64-redhat-linux/11/ld
configure:4053: checking if the linker (/opt/rh/devtoolset-11/root/usr/libexec/gcc/x86_64-redhat-linux/11/ld) is GNU ld
configure:4068: result: yes
configure:4080: checking for BSD- or MS-compatible name lister (nm)
configure:4129: result: /opt/rh/devtoolset-11/root/usr/bin/nm -B
configure:4259: checking the name lister (/opt/rh/devtoolset-11/root/usr/bin/nm -B) interface
configure:4266: gcc -c -g -O2 -I/usr/local/gmp/include -I/usr/local/proj/includ conftest.c >&5
configure:4269: /opt/rh/devtoolset-11/root/usr/bin/nm -B "conftest.o"
configure:4272: output
0000000000000000 B some_variable
configure:4279: result: BSD nm
configure:4282: checking whether ln -s works
configure:4286: result: yes
configure:4294: checking the maximum length of command line arguments
configure:4424: result: 1572864
configure:4441: checking whether the shell understands some XSI constructs
configure:4451: result: yes
configure:4455: checking whether the shell understands "+="
configure:4461: result: yes
configure:4496: checking how to convert x86_64-unknown-linux-gnu file names to x86_64-unknown-linux-gnu format
configure:4536: result: func_convert_file_noop
configure:4543: checking how to convert x86_64-unknown-linux-gnu file names to toolchain format
configure:4563: result: func_convert_file_noop
configure:4570: checking for /opt/rh/devtoolset-11/root/usr/libexec/gcc/x86_64-redhat-linux/11/ld option to reload object files
configure:4577: result: -r
configure:4651: checking for objdump
configure:4667: found /opt/rh/devtoolset-11/root/usr/bin/objdump
configure:4678: result: objdump
configure:4710: checking how to recognize dependent libraries
configure:4912: result: pass_all
configure:4997: checking for dlltool
configure:5027: result: no
configure:5057: checking how to associate runtime and link libraries
configure:5084: result: printf %s\n
configure:5100: checking whether we are using Clang
configure:5119: gcc -c -g -O2 -I/usr/local/gmp/include -I/usr/local/proj/includ conftest.c >&5
conftest.c: In function 'main':
conftest.c:14:7: error: unknown type name 'trigger'
   14 |       trigger error
      |       ^~~~~~~
configure:5119: $? = 1
configure: failed program was:
| /* confdefs.h */
| #define PACKAGE_NAME "postgis"
| #define PACKAGE_TARNAME "postgis"
| #define PACKAGE_VERSION "3.7 "
| #define PACKAGE_STRING "postgis 3.7 "
| #define PACKAGE_BUGREPORT ""
| #define PACKAGE_URL ""
| /* end confdefs.h.  */
| 
| int
| main ()
| {
| #ifndef __clang__
|       trigger error
|       #endif
| 
|   ;
|   return 0;
| }
configure:5128: result: no
configure:5132: checking whether we are using the GNU C compiler
configure:5160: result: yes
configure:5319: checking for gcc-ar
configure:5335: found /opt/rh/devtoolset-11/root/usr/bin/gcc-ar
configure:5346: result: gcc-ar
configure:5467: checking whether we are using Clang
configure:5495: result: no
configure:5499: checking whether we are using the GNU C compiler
configure:5527: result: yes
configure:5686: checking for gcc-ranlib
configure:5702: found /opt/rh/devtoolset-11/root/usr/bin/gcc-ranlib
configure:5713: result: gcc-ranlib
configure:5945: checking for archiver @FILE support
configure:5962: gcc -c -g -O2 -I/usr/local/gmp/include -I/usr/local/proj/includ conftest.c >&5
configure:5962: $? = 0
configure:5965: gcc-ar rs libconftest.a @conftest.lst >&5
/opt/rh/devtoolset-11/root/usr/libexec/gcc/x86_64-redhat-linux/11/ar: creating libconftest.a
configure:5968: $? = 0
configure:5973: gcc-ar rs libconftest.a @conftest.lst >&5
/opt/rh/devtoolset-11/root/usr/libexec/gcc/x86_64-redhat-linux/11/ar: creating libconftest.a
/opt/rh/devtoolset-11/root/usr/libexec/gcc/x86_64-redhat-linux/11/ar: conftest.o: No such file or directory
configure:5976: $? = 1
configure:5988: result: @
configure:6047: checking for strip
configure:6063: found /opt/rh/devtoolset-11/root/usr/bin/strip
configure:6074: result: strip
configure:6146: checking for ranlib
configure:6173: result: gcc-ranlib
configure:6250: checking for gawk
configure:6266: found /usr/bin/gawk
configure:6277: result: gawk
configure:6317: checking command to parse /opt/rh/devtoolset-11/root/usr/bin/nm -B output from gcc object
configure:6437: gcc -c -g -O2 -I/usr/local/gmp/include -I/usr/local/proj/includ conftest.c >&5
configure:6440: $? = 0
configure:6444: /opt/rh/devtoolset-11/root/usr/bin/nm -B conftest.o \| sed -n -e 's/^.*[ ]\([ABCDGIRSTW][ABCDGIRSTW]*\)[ ][ ]*\([_A-Za-z][_A-Za-z0-9]*\)$/\1 \2 \2/p' | sed '/ __gnu_lto/d' \> conftest.nm
configure:6447: $? = 0
configure:6513: gcc -o conftest -g -O2 -I/usr/local/gmp/include -I/usr/local/proj/includ -L/usr/local/gmp/lib  -L/usr/local/proj/lib64 conftest.c conftstm.o >&5
configure:6516: $? = 0
configure:6554: result: ok
configure:6591: checking for sysroot
configure:6621: result: no
configure:6698: gcc -c -g -O2 -I/usr/local/gmp/include -I/usr/local/proj/includ conftest.c >&5
configure:6701: $? = 0
configure:6877: checking for mt
configure:6907: result: no
configure:6927: checking if : is a manifest tool
configure:6933: : '-?'
configure:6941: result: no
configure:7583: checking how to run the C preprocessor
configure:7614: gcc -E -I/usr/local/gmp/include -I/usr/local/proj/includ conftest.c
configure:7614: $? = 0
configure:7628: gcc -E -I/usr/local/gmp/include -I/usr/local/proj/includ conftest.c
conftest.c:9:10: fatal error: ac_nonexistent.h: No such file or directory
    9 | #include <ac_nonexistent.h>
      |          ^~~~~~~~~~~~~~~~~~
compilation terminated.
configure:7628: $? = 1
configure: failed program was:
| /* confdefs.h */
| #define PACKAGE_NAME "postgis"
| #define PACKAGE_TARNAME "postgis"
| #define PACKAGE_VERSION "3.7 "
| #define PACKAGE_STRING "postgis 3.7 "
| #define PACKAGE_BUGREPORT ""
| #define PACKAGE_URL ""
| /* end confdefs.h.  */
| #include <ac_nonexistent.h>
configure:7653: result: gcc -E
configure:7673: gcc -E -I/usr/local/gmp/include -I/usr/local/proj/includ conftest.c
configure:7673: $? = 0
configure:7687: gcc -E -I/usr/local/gmp/include -I/usr/local/proj/includ conftest.c
conftest.c:9:10: fatal error: ac_nonexistent.h: No such file or directory
    9 | #include <ac_nonexistent.h>
      |          ^~~~~~~~~~~~~~~~~~
compilation terminated.
configure:7687: $? = 1
configure: failed program was:
| /* confdefs.h */
| #define PACKAGE_NAME "postgis"
| #define PACKAGE_TARNAME "postgis"
| #define PACKAGE_VERSION "3.7 "
| #define PACKAGE_STRING "postgis 3.7 "
| #define PACKAGE_BUGREPORT ""
| #define PACKAGE_URL ""
| /* end confdefs.h.  */
| #include <ac_nonexistent.h>
configure:7716: checking for ANSI C header files
configure:7736: gcc -c -g -O2 -I/usr/local/gmp/include -I/usr/local/proj/includ conftest.c >&5
configure:7736: $? = 0
configure:7809: gcc -o conftest -g -O2 -I/usr/local/gmp/include -I/usr/local/proj/includ -L/usr/local/gmp/lib  -L/usr/local/proj/lib64 conftest.c -lgmp >&5
configure:7809: $? = 0
configure:7809: ./conftest
configure:7809: $? = 0
configure:7820: result: yes
configure:7833: checking for sys/types.h
configure:7833: gcc -c -g -O2 -I/usr/local/gmp/include -I/usr/local/proj/includ conftest.c >&5
configure:7833: $? = 0
configure:7833: result: yes
configure:7833: checking for sys/stat.h
configure:7833: gcc -c -g -O2 -I/usr/local/gmp/include -I/usr/local/proj/includ conftest.c >&5
configure:7833: $? = 0
configure:7833: result: yes
configure:7833: checking for stdlib.h
configure:7833: gcc -c -g -O2 -I/usr/local/gmp/include -I/usr/local/proj/includ conftest.c >&5
configure:7833: $? = 0
configure:7833: result: yes
configure:7833: checking for string.h
configure:7833: gcc -c -g -O2 -I/usr/local/gmp/include -I/usr/local/proj/includ conftest.c >&5
configure:7833: $? = 0
configure:7833: result: yes
configure:7833: checking for memory.h
configure:7833: gcc -c -g -O2 -I/usr/local/gmp/include -I/usr/local/proj/includ conftest.c >&5
configure:7833: $? = 0
configure:7833: result: yes
configure:7833: checking for strings.h
configure:7833: gcc -c -g -O2 -I/usr/local/gmp/include -I/usr/local/proj/includ conftest.c >&5
configure:7833: $? = 0
configure:7833: result: yes
configure:7833: checking for inttypes.h
configure:7833: gcc -c -g -O2 -I/usr/local/gmp/include -I/usr/local/proj/includ conftest.c >&5
configure:7833: $? = 0
configure:7833: result: yes
configure:7833: checking for stdint.h
configure:7833: gcc -c -g -O2 -I/usr/local/gmp/include -I/usr/local/proj/includ conftest.c >&5
configure:7833: $? = 0
configure:7833: result: yes
configure:7833: checking for unistd.h
configure:7833: gcc -c -g -O2 -I/usr/local/gmp/include -I/usr/local/proj/includ conftest.c >&5
configure:7833: $? = 0
configure:7833: result: yes
configure:7847: checking for dlfcn.h
configure:7847: gcc -c -g -O2 -I/usr/local/gmp/include -I/usr/local/proj/includ conftest.c >&5
configure:7847: $? = 0
configure:7847: result: yes
configure:8053: checking for objdir
configure:8068: result: .libs
configure:8339: checking if gcc supports -fno-rtti -fno-exceptions
configure:8357: gcc -c -g -O2 -I/usr/local/gmp/include -I/usr/local/proj/includ -fno-rtti -fno-exceptions conftest.c >&5
cc1: warning: command-line option '-fno-rtti' is valid for C++/D/ObjC++ but not for C
configure:8361: $? = 0
configure:8374: result: no
configure:8701: checking for gcc option to produce PIC
configure:8708: result: -fPIC -DPIC
configure:8716: checking if gcc PIC flag -fPIC -DPIC works
configure:8734: gcc -c -g -O2 -I/usr/local/gmp/include -I/usr/local/proj/includ -fPIC -DPIC -DPIC conftest.c >&5
configure:8738: $? = 0
configure:8751: result: yes
configure:8780: checking if gcc static flag -static works
configure:8808: result: no
configure:8823: checking if gcc supports -c -o file.o
configure:8844: gcc -c -g -O2 -I/usr/local/gmp/include -I/usr/local/proj/includ -o out/conftest2.o conftest.c >&5
configure:8848: $? = 0
configure:8870: result: yes
configure:8878: checking if gcc supports -c -o file.o
configure:8925: result: yes
configure:8958: checking whether the gcc linker (/opt/rh/devtoolset-11/root/usr/libexec/gcc/x86_64-redhat-linux/11/ld) supports shared libraries
configure:10111: result: yes
configure:10148: checking whether -lc should be explicitly linked in
configure:10156: gcc -c -g -O2 -I/usr/local/gmp/include -I/usr/local/proj/includ conftest.c >&5
configure:10159: $? = 0
configure:10174: gcc -shared  -fPIC -DPIC conftest.o  -v -Wl,-soname -Wl,conftest -o conftest 2\>\&1 \| /usr/bin/grep  -lc  \>/dev/null 2\>\&1
configure:10177: $? = 0
configure:10191: result: no
configure:10351: checking dynamic linker characteristics
configure:10862: gcc -o conftest -g -O2 -I/usr/local/gmp/include -I/usr/local/proj/includ -L/usr/local/gmp/lib  -L/usr/local/proj/lib64 -Wl,-rpath -Wl,/foo conftest.c -lgmp >&5
configure:10862: $? = 0
configure:11088: result: GNU/Linux ld.so
configure:11195: checking how to hardcode library paths into programs
configure:11220: result: immediate
configure:11760: checking whether stripping libraries is possible
configure:11765: result: yes
configure:11800: checking if libtool supports shared libraries
configure:11802: result: yes
configure:11805: checking whether to build shared libraries
configure:11826: result: yes
configure:11829: checking whether to build static libraries
configure:11833: result: yes
configure:11919: checking for gcc
configure:11946: result: gcc
configure:12175: checking for C compiler version
configure:12184: gcc --version >&5
gcc (GCC) 11.2.1 20220127 (Red Hat 11.2.1-9)
Copyright (C) 2021 Free Software Foundation, Inc.
This is free software; see the source for copying conditions.  There is NO
warranty; not even for MERCHANTABILITY or FITNESS FOR A PARTICULAR PURPOSE.

configure:12195: $? = 0
configure:12184: gcc -v >&5
Using built-in specs.
COLLECT_GCC=gcc
COLLECT_LTO_WRAPPER=/opt/rh/devtoolset-11/root/usr/libexec/gcc/x86_64-redhat-linux/11/lto-wrapper
Target: x86_64-redhat-linux
Configured with: ../configure --enable-bootstrap --enable-languages=c,c++,fortran,lto --prefix=/opt/rh/devtoolset-11/root/usr --mandir=/opt/rh/devtoolset-11/root/usr/share/man --infodir=/opt/rh/devtoolset-11/root/usr/share/info --with-bugurl=http://bugzilla.redhat.com/bugzilla --enable-shared --enable-threads=posix --enable-checking=release --enable-multilib --with-system-zlib --enable-__cxa_atexit --disable-libunwind-exceptions --enable-gnu-unique-object --enable-linker-build-id --with-gcc-major-version-only --with-linker-hash-style=gnu --with-default-libstdcxx-abi=gcc4-compatible --enable-plugin --enable-initfini-array --with-isl=/builddir/build/BUILD/gcc-11.2.1-20220127/obj-x86_64-redhat-linux/isl-install --enable-gnu-indirect-function --with-tune=generic --with-arch_32=x86-64 --build=x86_64-redhat-linux
Thread model: posix
Supported LTO compression algorithms: zlib
gcc version 11.2.1 20220127 (Red Hat 11.2.1-9) (GCC) 
configure:12195: $? = 0
configure:12184: gcc -V >&5
gcc: error: unrecognized command-line option '-V'
gcc: fatal error: no input files
compilation terminated.
configure:12195: $? = 1
configure:12184: gcc -qversion >&5
gcc: error: unrecognized command-line option '-qversion'; did you mean '--version'?
gcc: fatal error: no input files
compilation terminated.
configure:12195: $? = 1
configure:12199: checking whether we are using the GNU C compiler
configure:12227: result: yes
configure:12236: checking whether gcc accepts -g
configure:12297: result: yes
configure:12314: checking for gcc option to accept ISO C89
configure:12390: result: none needed
configure:12415: checking how to run the C preprocessor
configure:12485: result: gcc -E
configure:12505: gcc -E -I/usr/local/gmp/include -I/usr/local/proj/includ conftest.c
configure:12505: $? = 0
configure:12519: gcc -E -I/usr/local/gmp/include -I/usr/local/proj/includ conftest.c
conftest.c:21:10: fatal error: ac_nonexistent.h: No such file or directory
   21 | #include <ac_nonexistent.h>
      |          ^~~~~~~~~~~~~~~~~~
compilation terminated.
configure:12519: $? = 1
configure: failed program was:
| /* confdefs.h */
| #define PACKAGE_NAME "postgis"
| #define PACKAGE_TARNAME "postgis"
| #define PACKAGE_VERSION "3.7 "
| #define PACKAGE_STRING "postgis 3.7 "
| #define PACKAGE_BUGREPORT ""
| #define PACKAGE_URL ""
| #define STDC_HEADERS 1
| #define HAVE_SYS_TYPES_H 1
| #define HAVE_SYS_STAT_H 1
| #define HAVE_STDLIB_H 1
| #define HAVE_STRING_H 1
| #define HAVE_MEMORY_H 1
| #define HAVE_STRINGS_H 1
| #define HAVE_INTTYPES_H 1
| #define HAVE_STDINT_H 1
| #define HAVE_UNISTD_H 1
| #define HAVE_DLFCN_H 1
| #define LT_OBJDIR ".libs/"
| /* end confdefs.h.  */
| #include <ac_nonexistent.h>
configure:12547: checking for grep that handles long lines and -e
configure:12605: result: /usr/bin/grep
configure:12610: checking whether byte ordering is bigendian
configure:12625: gcc -c -g -O2 -I/usr/local/gmp/include -I/usr/local/proj/includ conftest.c >&5
conftest.c:22:16: error: unknown type name 'not'
   22 |                not a universal capable compiler
      |                ^~~
conftest.c:22:22: error: expected '=', ',', ';', 'asm' or '__attribute__' before 'universal'
   22 |                not a universal capable compiler
      |                      ^~~~~~~~~
conftest.c:22:22: error: unknown type name 'universal'
configure:12625: $? = 1
configure: failed program was:
| /* confdefs.h */
| #define PACKAGE_NAME "postgis"
| #define PACKAGE_TARNAME "postgis"
| #define PACKAGE_VERSION "3.7 "
| #define PACKAGE_STRING "postgis 3.7 "
| #define PACKAGE_BUGREPORT ""
| #define PACKAGE_URL ""
| #define STDC_HEADERS 1
| #define HAVE_SYS_TYPES_H 1
| #define HAVE_SYS_STAT_H 1
| #define HAVE_STDLIB_H 1
| #define HAVE_STRING_H 1
| #define HAVE_MEMORY_H 1
| #define HAVE_STRINGS_H 1
| #define HAVE_INTTYPES_H 1
| #define HAVE_STDINT_H 1
| #define HAVE_UNISTD_H 1
| #define HAVE_DLFCN_H 1
| #define LT_OBJDIR ".libs/"
| /* end confdefs.h.  */
| #ifndef __APPLE_CC__
| 	       not a universal capable compiler
| 	     #endif
| 	     typedef int dummy;
| 
configure:12670: gcc -c -g -O2 -I/usr/local/gmp/include -I/usr/local/proj/includ conftest.c >&5
configure:12670: $? = 0
configure:12688: gcc -c -g -O2 -I/usr/local/gmp/include -I/usr/local/proj/includ conftest.c >&5
conftest.c: In function 'main':
conftest.c:28:18: error: unknown type name 'not'; did you mean 'ino_t'?
   28 |                  not big endian
      |                  ^~~
      |                  ino_t
conftest.c:28:26: error: expected '=', ',', ';', 'asm' or '__attribute__' before 'endian'
   28 |                  not big endian
      |                          ^~~~~~
configure:12688: $? = 1
configure: failed program was:
| /* confdefs.h */
| #define PACKAGE_NAME "postgis"
| #define PACKAGE_TARNAME "postgis"
| #define PACKAGE_VERSION "3.7 "
| #define PACKAGE_STRING "postgis 3.7 "
| #define PACKAGE_BUGREPORT ""
| #define PACKAGE_URL ""
| #define STDC_HEADERS 1
| #define HAVE_SYS_TYPES_H 1
| #define HAVE_SYS_STAT_H 1
| #define HAVE_STDLIB_H 1
| #define HAVE_STRING_H 1
| #define HAVE_MEMORY_H 1
| #define HAVE_STRINGS_H 1
| #define HAVE_INTTYPES_H 1
| #define HAVE_STDINT_H 1
| #define HAVE_UNISTD_H 1
| #define HAVE_DLFCN_H 1
| #define LT_OBJDIR ".libs/"
| /* end confdefs.h.  */
| #include <sys/types.h>
| 		#include <sys/param.h>
| 
| int
| main ()
| {
| #if BYTE_ORDER != BIG_ENDIAN
| 		 not big endian
| 		#endif
| 
|   ;
|   return 0;
| }
configure:12816: result: no
configure:12837: checking for cpp
configure:12855: found /opt/rh/devtoolset-11/root/usr/bin/cpp
configure:12867: result: /opt/rh/devtoolset-11/root/usr/bin/cpp
configure:12935: checking if gcc supports -fno-semantic-interposition
configure:12953: gcc -c -g -O2 -I/usr/local/gmp/include -I/usr/local/proj/includ -fno-semantic-interposition conftest.c >&5
configure:12957: $? = 0
configure:12970: result: yes
configure:12981: checking if gcc supports -fno-math-errno
configure:12999: gcc -c -g -O2 -I/usr/local/gmp/include -I/usr/local/proj/includ -fno-math-errno conftest.c >&5
configure:13003: $? = 0
configure:13016: result: yes
configure:13025: checking if gcc supports -fno-signed-zeros
configure:13043: gcc -c -g -O2 -fno-math-errno -I/usr/local/gmp/include -I/usr/local/proj/includ -fno-signed-zeros conftest.c >&5
configure:13047: $? = 0
configure:13060: result: yes
configure:13069: checking if gcc supports -std=gnu11
configure:13087: gcc -c -g -O2 -fno-math-errno -fno-signed-zeros -I/usr/local/gmp/include -I/usr/local/proj/includ -std=gnu11 conftest.c >&5
configure:13091: $? = 0
configure:13104: result: yes
configure:13118: checking if gcc supports --exclude-libs
configure:13146: result: yes
configure:13212: checking for flex
configure:13228: found /usr/bin/flex
configure:13239: result: flex
configure:13277: flex conftest.l
configure:13281: $? = 0
configure:13283: checking lex output file root
configure:13297: result: lex.yy
configure:13302: checking lex library
configure:13316: gcc -o conftest -std=gnu11 -g -O2 -fno-math-errno -fno-signed-zeros -I/usr/local/gmp/include -I/usr/local/proj/includ -L/usr/local/gmp/lib  -L/usr/local/proj/lib64 -lm conftest.c  -lgmp >&5
/opt/rh/devtoolset-11/root/usr/libexec/gcc/x86_64-redhat-linux/11/ld: /tmp/cc3Bvbk6.o: in function `input':
/home/wangbin/work/postgis/lex.yy.c:1170: undefined reference to `yywrap'
/opt/rh/devtoolset-11/root/usr/libexec/gcc/x86_64-redhat-linux/11/ld: /tmp/cc3Bvbk6.o: in function `yylex':
/home/wangbin/work/postgis/lex.yy.c:869: undefined reference to `yywrap'
/opt/rh/devtoolset-11/root/usr/libexec/gcc/x86_64-redhat-linux/11/ld: /tmp/cc3Bvbk6.o: in function `main':
/home/wangbin/work/postgis/conftest.l:18: undefined reference to `yywrap'
collect2: error: ld returned 1 exit status
configure:13316: $? = 1
configure: failed program was:
| /* confdefs.h */
| #define PACKAGE_NAME "postgis"
| #define PACKAGE_TARNAME "postgis"
| #define PACKAGE_VERSION "3.7 "
| #define PACKAGE_STRING "postgis 3.7 "
| #define PACKAGE_BUGREPORT ""
| #define PACKAGE_URL ""
| #define STDC_HEADERS 1
| #define HAVE_SYS_TYPES_H 1
| #define HAVE_SYS_STAT_H 1
| #define HAVE_STDLIB_H 1
| #define HAVE_STRING_H 1
| #define HAVE_MEMORY_H 1
| #define HAVE_STRINGS_H 1
| #define HAVE_INTTYPES_H 1
| #define HAVE_STDINT_H 1
| #define HAVE_UNISTD_H 1
| #define HAVE_DLFCN_H 1
| #define LT_OBJDIR ".libs/"
| #define POSTGIS_MAJOR_VERSION "3"
| #define POSTGIS_MINOR_VERSION "7"
| #define POSTGIS_MICRO_VERSION "0dev"
| /* end confdefs.h.  */
| 
| #line 3 "lex.yy.c"
| 
| #define  YY_INT_ALIGNED short int
| 
| /* A lexical scanner generated by flex */
| 
| #define FLEX_SCANNER
| #define YY_FLEX_MAJOR_VERSION 2
| #define YY_FLEX_MINOR_VERSION 5
| #define YY_FLEX_SUBMINOR_VERSION 37
| #if YY_FLEX_SUBMINOR_VERSION > 0
| #define FLEX_BETA
| #endif
| 
| /* First, we deal with  platform-specific or compiler-specific issues. */
| 
| /* begin standard C headers. */
| #include <stdio.h>
| #include <string.h>
| #include <errno.h>
| #include <stdlib.h>
| 
| /* end standard C headers. */
| 
| /* flex integer type definitions */
| 
| #ifndef FLEXINT_H
| #define FLEXINT_H
| 
| /* C99 systems have <inttypes.h>. Non-C99 systems may or may not. */
| 
| #if defined (__STDC_VERSION__) && __STDC_VERSION__ >= 199901L
| 
| /* C99 says to define __STDC_LIMIT_MACROS before including stdint.h,
|  * if you want the limit (max/min) macros for int types. 
|  */
| #ifndef __STDC_LIMIT_MACROS
| #define __STDC_LIMIT_MACROS 1
| #endif
| 
| #include <inttypes.h>
| typedef int8_t flex_int8_t;
| typedef uint8_t flex_uint8_t;
| typedef int16_t flex_int16_t;
| typedef uint16_t flex_uint16_t;
| typedef int32_t flex_int32_t;
| typedef uint32_t flex_uint32_t;
| #else
| typedef signed char flex_int8_t;
| typedef short int flex_int16_t;
| typedef int flex_int32_t;
| typedef unsigned char flex_uint8_t; 
| typedef unsigned short int flex_uint16_t;
| typedef unsigned int flex_uint32_t;
| 
| /* Limits of integral types. */
| #ifndef INT8_MIN
| #define INT8_MIN               (-128)
| #endif
| #ifndef INT16_MIN
| #define INT16_MIN              (-32767-1)
| #endif
| #ifndef INT32_MIN
| #define INT32_MIN              (-2147483647-1)
| #endif
| #ifndef INT8_MAX
| #define INT8_MAX               (127)
| #endif
| #ifndef INT16_MAX
| #define INT16_MAX              (32767)
| #endif
| #ifndef INT32_MAX
| #define INT32_MAX              (2147483647)
| #endif
| #ifndef UINT8_MAX
| #define UINT8_MAX              (255U)
| #endif
| #ifndef UINT16_MAX
| #define UINT16_MAX             (65535U)
| #endif
| #ifndef UINT32_MAX
| #define UINT32_MAX             (4294967295U)
| #endif
| 
| #endif /* ! C99 */
| 
| #endif /* ! FLEXINT_H */
| 
| #ifdef __cplusplus
| 
| /* The "const" storage-class-modifier is valid. */
| #define YY_USE_CONST
| 
| #else	/* ! __cplusplus */
| 
| /* C99 requires __STDC__ to be defined as 1. */
| #if defined (__STDC__)
| 
| #define YY_USE_CONST
| 
| #endif	/* defined (__STDC__) */
| #endif	/* ! __cplusplus */
| 
| #ifdef YY_USE_CONST
| #define yyconst const
| #else
| #define yyconst
| #endif
| 
| /* Returned upon end-of-file. */
| #define YY_NULL 0
| 
| /* Promotes a possibly negative, possibly signed char to an unsigned
|  * integer for use as an array index.  If the signed char is negative,
|  * we want to instead treat it as an 8-bit unsigned char, hence the
|  * double cast.
|  */
| #define YY_SC_TO_UI(c) ((unsigned int) (unsigned char) c)
| 
| /* Enter a start condition.  This macro really ought to take a parameter,
|  * but we do it the disgusting crufty way forced on us by the ()-less
|  * definition of BEGIN.
|  */
| #define BEGIN (yy_start) = 1 + 2 *
| 
| /* Translate the current start state into a value that can be later handed
|  * to BEGIN to return to the state.  The YYSTATE alias is for lex
|  * compatibility.
|  */
| #define YY_START (((yy_start) - 1) / 2)
| #define YYSTATE YY_START
| 
| /* Action number for EOF rule of a given start state. */
| #define YY_STATE_EOF(state) (YY_END_OF_BUFFER + state + 1)
| 
| /* Special action meaning "start processing a new file". */
| #define YY_NEW_FILE yyrestart(yyin  )
| 
| #define YY_END_OF_BUFFER_CHAR 0
| 
| /* Size of default input buffer. */
| #ifndef YY_BUF_SIZE
| #define YY_BUF_SIZE 16384
| #endif
| 
| /* The state buf must be large enough to hold one state per character in the main buffer.
|  */
| #define YY_STATE_BUF_SIZE   ((YY_BUF_SIZE + 2) * sizeof(yy_state_type))
| 
| #ifndef YY_TYPEDEF_YY_BUFFER_STATE
| #define YY_TYPEDEF_YY_BUFFER_STATE
| typedef struct yy_buffer_state *YY_BUFFER_STATE;
| #endif
| 
| #ifndef YY_TYPEDEF_YY_SIZE_T
| #define YY_TYPEDEF_YY_SIZE_T
| typedef size_t yy_size_t;
| #endif
| 
| extern yy_size_t yyleng;
| 
| extern FILE *yyin, *yyout;
| 
| #define EOB_ACT_CONTINUE_SCAN 0
| #define EOB_ACT_END_OF_FILE 1
| #define EOB_ACT_LAST_MATCH 2
| 
|     #define YY_LESS_LINENO(n)
|     
| /* Return all but the first "n" matched characters back to the input stream. */
| #define yyless(n) \
| 	do \
| 		{ \
| 		/* Undo effects of setting up yytext. */ \
|         int yyless_macro_arg = (n); \
|         YY_LESS_LINENO(yyless_macro_arg);\
| 		*yy_cp = (yy_hold_char); \
| 		YY_RESTORE_YY_MORE_OFFSET \
| 		(yy_c_buf_p) = yy_cp = yy_bp + yyless_macro_arg - YY_MORE_ADJ; \
| 		YY_DO_BEFORE_ACTION; /* set up yytext again */ \
| 		} \
| 	while ( 0 )
| 
| #define unput(c) yyunput( c, (yytext_ptr)  )
| 
| #ifndef YY_STRUCT_YY_BUFFER_STATE
| #define YY_STRUCT_YY_BUFFER_STATE
| struct yy_buffer_state
| 	{
| 	FILE *yy_input_file;
| 
| 	char *yy_ch_buf;		/* input buffer */
| 	char *yy_buf_pos;		/* current position in input buffer */
| 
| 	/* Size of input buffer in bytes, not including room for EOB
| 	 * characters.
| 	 */
| 	yy_size_t yy_buf_size;
| 
| 	/* Number of characters read into yy_ch_buf, not including EOB
| 	 * characters.
| 	 */
| 	yy_size_t yy_n_chars;
| 
| 	/* Whether we "own" the buffer - i.e., we know we created it,
| 	 * and can realloc() it to grow it, and should free() it to
| 	 * delete it.
| 	 */
| 	int yy_is_our_buffer;
| 
| 	/* Whether this is an "interactive" input source; if so, and
| 	 * if we're using stdio for input, then we want to use getc()
| 	 * instead of fread(), to make sure we stop fetching input after
| 	 * each newline.
| 	 */
| 	int yy_is_interactive;
| 
| 	/* Whether we're considered to be at the beginning of a line.
| 	 * If so, '^' rules will be active on the next match, otherwise
| 	 * not.
| 	 */
| 	int yy_at_bol;
| 
|     int yy_bs_lineno; /**< The line count. */
|     int yy_bs_column; /**< The column count. */
|     
| 	/* Whether to try to fill the input buffer when we reach the
| 	 * end of it.
| 	 */
| 	int yy_fill_buffer;
| 
| 	int yy_buffer_status;
| 
| #define YY_BUFFER_NEW 0
| #define YY_BUFFER_NORMAL 1
| 	/* When an EOF's been seen but there's still some text to process
| 	 * then we mark the buffer as YY_EOF_PENDING, to indicate that we
| 	 * shouldn't try reading from the input source any more.  We might
| 	 * still have a bunch of tokens to match, though, because of
| 	 * possible backing-up.
| 	 *
| 	 * When we actually see the EOF, we change the status to "new"
| 	 * (via yyrestart()), so that the user can continue scanning by
| 	 * just pointing yyin at a new input file.
| 	 */
| #define YY_BUFFER_EOF_PENDING 2
| 
| 	};
| #endif /* !YY_STRUCT_YY_BUFFER_STATE */
| 
| /* Stack of input buffers. */
| static size_t yy_buffer_stack_top = 0; /**< index of top of stack. */
| static size_t yy_buffer_stack_max = 0; /**< capacity of stack. */
| static YY_BUFFER_STATE * yy_buffer_stack = 0; /**< Stack as an array. */
| 
| /* We provide macros for accessing buffer states in case in the
|  * future we want to put the buffer states in a more general
|  * "scanner state".
|  *
|  * Returns the top of the stack, or NULL.
|  */
| #define YY_CURRENT_BUFFER ( (yy_buffer_stack) \
|                           ? (yy_buffer_stack)[(yy_buffer_stack_top)] \
|                           : NULL)
| 
| /* Same as previous macro, but useful when we know that the buffer stack is not
|  * NULL or when we need an lvalue. For internal use only.
|  */
| #define YY_CURRENT_BUFFER_LVALUE (yy_buffer_stack)[(yy_buffer_stack_top)]
| 
| /* yy_hold_char holds the character lost when yytext is formed. */
| static char yy_hold_char;
| static yy_size_t yy_n_chars;		/* number of characters read into yy_ch_buf */
| yy_size_t yyleng;
| 
| /* Points to current character in buffer. */
| static char *yy_c_buf_p = (char *) 0;
| static int yy_init = 0;		/* whether we need to initialize */
| static int yy_start = 0;	/* start state number */
| 
| /* Flag which is used to allow yywrap()'s to do buffer switches
|  * instead of setting up a fresh yyin.  A bit of a hack ...
|  */
| static int yy_did_buffer_switch_on_eof;
| 
| void yyrestart (FILE *input_file  );
| void yy_switch_to_buffer (YY_BUFFER_STATE new_buffer  );
| YY_BUFFER_STATE yy_create_buffer (FILE *file,int size  );
| void yy_delete_buffer (YY_BUFFER_STATE b  );
| void yy_flush_buffer (YY_BUFFER_STATE b  );
| void yypush_buffer_state (YY_BUFFER_STATE new_buffer  );
| void yypop_buffer_state (void );
| 
| static void yyensure_buffer_stack (void );
| static void yy_load_buffer_state (void );
| static void yy_init_buffer (YY_BUFFER_STATE b,FILE *file  );
| 
| #define YY_FLUSH_BUFFER yy_flush_buffer(YY_CURRENT_BUFFER )
| 
| YY_BUFFER_STATE yy_scan_buffer (char *base,yy_size_t size  );
| YY_BUFFER_STATE yy_scan_string (yyconst char *yy_str  );
| YY_BUFFER_STATE yy_scan_bytes (yyconst char *bytes,yy_size_t len  );
| 
| void *yyalloc (yy_size_t  );
| void *yyrealloc (void *,yy_size_t  );
| void yyfree (void *  );
| 
| #define yy_new_buffer yy_create_buffer
| 
| #define yy_set_interactive(is_interactive) \
| 	{ \
| 	if ( ! YY_CURRENT_BUFFER ){ \
|         yyensure_buffer_stack (); \
| 		YY_CURRENT_BUFFER_LVALUE =    \
|             yy_create_buffer(yyin,YY_BUF_SIZE ); \
| 	} \
| 	YY_CURRENT_BUFFER_LVALUE->yy_is_interactive = is_interactive; \
| 	}
| 
| #define yy_set_bol(at_bol) \
| 	{ \
| 	if ( ! YY_CURRENT_BUFFER ){\
|         yyensure_buffer_stack (); \
| 		YY_CURRENT_BUFFER_LVALUE =    \
|             yy_create_buffer(yyin,YY_BUF_SIZE ); \
| 	} \
| 	YY_CURRENT_BUFFER_LVALUE->yy_at_bol = at_bol; \
| 	}
| 
| #define YY_AT_BOL() (YY_CURRENT_BUFFER_LVALUE->yy_at_bol)
| 
| /* Begin user sect3 */
| 
| typedef unsigned char YY_CHAR;
| 
| FILE *yyin = (FILE *) 0, *yyout = (FILE *) 0;
| 
| typedef int yy_state_type;
| 
| extern int yylineno;
| 
| int yylineno = 1;
| 
| extern char *yytext;
| #define yytext_ptr yytext
| 
| static yy_state_type yy_get_previous_state (void );
| static yy_state_type yy_try_NUL_trans (yy_state_type current_state  );
| static int yy_get_next_buffer (void );
| static void yy_fatal_error (yyconst char msg[]  );
| 
| /* Done after the current pattern has been matched and before the
|  * corresponding action - sets up yytext.
|  */
| #define YY_DO_BEFORE_ACTION \
| 	(yytext_ptr) = yy_bp; \
| 	(yytext_ptr) -= (yy_more_len); \
| 	yyleng = (size_t) (yy_cp - (yytext_ptr)); \
| 	(yy_hold_char) = *yy_cp; \
| 	*yy_cp = '\0'; \
| 	(yy_c_buf_p) = yy_cp;
| 
| #define YY_NUM_RULES 8
| #define YY_END_OF_BUFFER 9
| /* This struct is not used in this scanner,
|    but its presence is necessary. */
| struct yy_trans_info
| 	{
| 	flex_int32_t yy_verify;
| 	flex_int32_t yy_nxt;
| 	};
| static yyconst flex_int16_t yy_acclist[23] =
|     {   0,
|         9,    7,    8,    8,    1,    7,    8,    2,    7,    8,
|         3,    7,    8,    4,    7,    8,    5,    7,    8,    6,
|         7,    8
|     } ;
| 
| static yyconst flex_int16_t yy_accept[14] =
|     {   0,
|         1,    1,    1,    2,    4,    5,    8,   11,   14,   17,
|        20,   23,   23
|     } ;
| 
| static yyconst flex_int32_t yy_ec[256] =
|     {   0,
|         1,    1,    1,    1,    1,    1,    1,    1,    1,    2,
|         1,    1,    1,    1,    1,    1,    1,    1,    1,    1,
|         1,    1,    1,    1,    1,    1,    1,    1,    1,    1,
|         1,    1,    1,    1,    1,    1,    1,    1,    1,    1,
|         1,    1,    1,    1,    1,    1,    1,    1,    1,    1,
|         1,    1,    1,    1,    1,    1,    1,    1,    1,    1,
|         1,    1,    1,    1,    1,    1,    1,    1,    1,    1,
|         1,    1,    1,    1,    1,    1,    1,    1,    1,    1,
|         1,    1,    1,    1,    1,    1,    1,    1,    1,    1,
|         1,    1,    1,    1,    1,    1,    3,    4,    5,    6,
| 
|         7,    8,    1,    1,    1,    1,    1,    1,    1,    1,
|         1,    1,    1,    1,    1,    1,    1,    1,    1,    1,
|         1,    1,    1,    1,    1,    1,    1,    1,    1,    1,
|         1,    1,    1,    1,    1,    1,    1,    1,    1,    1,
|         1,    1,    1,    1,    1,    1,    1,    1,    1,    1,
|         1,    1,    1,    1,    1,    1,    1,    1,    1,    1,
|         1,    1,    1,    1,    1,    1,    1,    1,    1,    1,
|         1,    1,    1,    1,    1,    1,    1,    1,    1,    1,
|         1,    1,    1,    1,    1,    1,    1,    1,    1,    1,
|         1,    1,    1,    1,    1,    1,    1,    1,    1,    1,
| 
|         1,    1,    1,    1,    1,    1,    1,    1,    1,    1,
|         1,    1,    1,    1,    1,    1,    1,    1,    1,    1,
|         1,    1,    1,    1,    1,    1,    1,    1,    1,    1,
|         1,    1,    1,    1,    1,    1,    1,    1,    1,    1,
|         1,    1,    1,    1,    1,    1,    1,    1,    1,    1,
|         1,    1,    1,    1,    1
|     } ;
| 
| static yyconst flex_int32_t yy_meta[9] =
|     {   0,
|         1,    1,    1,    1,    1,    1,    1,    1
|     } ;
| 
| static yyconst flex_int16_t yy_base[13] =
|     {   0,
|         0,    0,    9,   10,   10,   10,   10,   10,   10,   10,
|        10,   10
|     } ;
| 
| static yyconst flex_int16_t yy_def[13] =
|     {   0,
|        12,    1,   12,   12,   12,   12,   12,   12,   12,   12,
|        12,    0
|     } ;
| 
| static yyconst flex_int16_t yy_nxt[19] =
|     {   0,
|         4,    5,    6,    7,    8,    9,   10,   11,   12,    3,
|        12,   12,   12,   12,   12,   12,   12,   12
|     } ;
| 
| static yyconst flex_int16_t yy_chk[19] =
|     {   0,
|         1,    1,    1,    1,    1,    1,    1,    1,    3,   12,
|        12,   12,   12,   12,   12,   12,   12,   12
|     } ;
| 
| extern int yy_flex_debug;
| int yy_flex_debug = 0;
| 
| static yy_state_type *yy_state_buf=0, *yy_state_ptr=0;
| static char *yy_full_match;
| static int yy_lp;
| #define REJECT \
| { \
| *yy_cp = (yy_hold_char); /* undo effects of setting up yytext */ \
| yy_cp = (yy_full_match); /* restore poss. backed-over text */ \
| ++(yy_lp); \
| goto find_rule; \
| }
| 
| static int yy_more_flag = 0;
| static int yy_more_len = 0;
| #define yymore() ((yy_more_flag) = 1)
| #define YY_MORE_ADJ (yy_more_len)
| #define YY_RESTORE_YY_MORE_OFFSET
| char *yytext;
| #line 1 "conftest.l"
| #line 469 "lex.yy.c"
| 
| #define INITIAL 0
| 
| #ifndef YY_NO_UNISTD_H
| /* Special case for "unistd.h", since it is non-ANSI. We include it way
|  * down here because we want the user's section 1 to have been scanned first.
|  * The user has a chance to override it with an option.
|  */
| #include <unistd.h>
| #endif
| 
| #ifndef YY_EXTRA_TYPE
| #define YY_EXTRA_TYPE void *
| #endif
| 
| static int yy_init_globals (void );
| 
| /* Accessor methods to globals.
|    These are made visible to non-reentrant scanners for convenience. */
| 
| int yylex_destroy (void );
| 
| int yyget_debug (void );
| 
| void yyset_debug (int debug_flag  );
| 
| YY_EXTRA_TYPE yyget_extra (void );
| 
| void yyset_extra (YY_EXTRA_TYPE user_defined  );
| 
| FILE *yyget_in (void );
| 
| void yyset_in  (FILE * in_str  );
| 
| FILE *yyget_out (void );
| 
| void yyset_out  (FILE * out_str  );
| 
| yy_size_t yyget_leng (void );
| 
| char *yyget_text (void );
| 
| int yyget_lineno (void );
| 
| void yyset_lineno (int line_number  );
| 
| /* Macros after this point can all be overridden by user definitions in
|  * section 1.
|  */
| 
| #ifndef YY_SKIP_YYWRAP
| #ifdef __cplusplus
| extern "C" int yywrap (void );
| #else
| extern int yywrap (void );
| #endif
| #endif
| 
|     static void yyunput (int c,char *buf_ptr  );
|     
| #ifndef yytext_ptr
| static void yy_flex_strncpy (char *,yyconst char *,int );
| #endif
| 
| #ifdef YY_NEED_STRLEN
| static int yy_flex_strlen (yyconst char * );
| #endif
| 
| #ifndef YY_NO_INPUT
| 
| #ifdef __cplusplus
| static int yyinput (void );
| #else
| static int input (void );
| #endif
| 
| #endif
| 
| /* Amount of stuff to slurp up with each read. */
| #ifndef YY_READ_BUF_SIZE
| #define YY_READ_BUF_SIZE 8192
| #endif
| 
| /* Copy whatever the last rule matched to the standard output. */
| #ifndef ECHO
| /* This used to be an fputs(), but since the string might contain NUL's,
|  * we now use fwrite().
|  */
| #define ECHO do { if (fwrite( yytext, yyleng, 1, yyout )) {} } while (0)
| #endif
| 
| /* Gets input and stuffs it into "buf".  number of characters read, or YY_NULL,
|  * is returned in "result".
|  */
| #ifndef YY_INPUT
| #define YY_INPUT(buf,result,max_size) \
| 	if ( YY_CURRENT_BUFFER_LVALUE->yy_is_interactive ) \
| 		{ \
| 		int c = '*'; \
| 		size_t n; \
| 		for ( n = 0; n < max_size && \
| 			     (c = getc( yyin )) != EOF && c != '\n'; ++n ) \
| 			buf[n] = (char) c; \
| 		if ( c == '\n' ) \
| 			buf[n++] = (char) c; \
| 		if ( c == EOF && ferror( yyin ) ) \
| 			YY_FATAL_ERROR( "input in flex scanner failed" ); \
| 		result = n; \
| 		} \
| 	else \
| 		{ \
| 		errno=0; \
| 		while ( (result = fread(buf, 1, max_size, yyin))==0 && ferror(yyin)) \
| 			{ \
| 			if( errno != EINTR) \
| 				{ \
| 				YY_FATAL_ERROR( "input in flex scanner failed" ); \
| 				break; \
| 				} \
| 			errno=0; \
| 			clearerr(yyin); \
| 			} \
| 		}\
| \
| 
| #endif
| 
| /* No semi-colon after return; correct usage is to write "yyterminate();" -
|  * we don't want an extra ';' after the "return" because that will cause
|  * some compilers to complain about unreachable statements.
|  */
| #ifndef yyterminate
| #define yyterminate() return YY_NULL
| #endif
| 
| /* Number of entries by which start-condition stack grows. */
| #ifndef YY_START_STACK_INCR
| #define YY_START_STACK_INCR 25
| #endif
| 
| /* Report a fatal error. */
| #ifndef YY_FATAL_ERROR
| #define YY_FATAL_ERROR(msg) yy_fatal_error( msg )
| #endif
| 
| /* end tables serialization structures and prototypes */
| 
| /* Default declaration of generated scanner - a define so the user can
|  * easily add parameters.
|  */
| #ifndef YY_DECL
| #define YY_DECL_IS_OURS 1
| 
| extern int yylex (void);
| 
| #define YY_DECL int yylex (void)
| #endif /* !YY_DECL */
| 
| /* Code executed at the beginning of each rule, after yytext and yyleng
|  * have been set up.
|  */
| #ifndef YY_USER_ACTION
| #define YY_USER_ACTION
| #endif
| 
| /* Code executed at the end of each rule. */
| #ifndef YY_BREAK
| #define YY_BREAK break;
| #endif
| 
| #define YY_RULE_SETUP \
| 	YY_USER_ACTION
| 
| /** The main scanner function which does all the work.
|  */
| YY_DECL
| {
| 	register yy_state_type yy_current_state;
| 	register char *yy_cp, *yy_bp;
| 	register int yy_act;
|     
| #line 1 "conftest.l"
| 
| #line 653 "lex.yy.c"
| 
| 	if ( !(yy_init) )
| 		{
| 		(yy_init) = 1;
| 
| #ifdef YY_USER_INIT
| 		YY_USER_INIT;
| #endif
| 
|         /* Create the reject buffer large enough to save one state per allowed character. */
|         if ( ! (yy_state_buf) )
|             (yy_state_buf) = (yy_state_type *)yyalloc(YY_STATE_BUF_SIZE  );
|             if ( ! (yy_state_buf) )
|                 YY_FATAL_ERROR( "out of dynamic memory in yylex()" );
| 
| 		if ( ! (yy_start) )
| 			(yy_start) = 1;	/* first start state */
| 
| 		if ( ! yyin )
| 			yyin = stdin;
| 
| 		if ( ! yyout )
| 			yyout = stdout;
| 
| 		if ( ! YY_CURRENT_BUFFER ) {
| 			yyensure_buffer_stack ();
| 			YY_CURRENT_BUFFER_LVALUE =
| 				yy_create_buffer(yyin,YY_BUF_SIZE );
| 		}
| 
| 		yy_load_buffer_state( );
| 		}
| 
| 	while ( 1 )		/* loops until end-of-file is reached */
| 		{
| 		(yy_more_len) = 0;
| 		if ( (yy_more_flag) )
| 			{
| 			(yy_more_len) = (yy_c_buf_p) - (yytext_ptr);
| 			(yy_more_flag) = 0;
| 			}
| 		yy_cp = (yy_c_buf_p);
| 
| 		/* Support of yytext. */
| 		*yy_cp = (yy_hold_char);
| 
| 		/* yy_bp points to the position in yy_ch_buf of the start of
| 		 * the current run.
| 		 */
| 		yy_bp = yy_cp;
| 
| 		yy_current_state = (yy_start);
| 
| 		(yy_state_ptr) = (yy_state_buf);
| 		*(yy_state_ptr)++ = yy_current_state;
| 
| yy_match:
| 		do
| 			{
| 			register YY_CHAR yy_c = yy_ec[YY_SC_TO_UI(*yy_cp)];
| 			while ( yy_chk[yy_base[yy_current_state] + yy_c] != yy_current_state )
| 				{
| 				yy_current_state = (int) yy_def[yy_current_state];
| 				if ( yy_current_state >= 13 )
| 					yy_c = yy_meta[(unsigned int) yy_c];
| 				}
| 			yy_current_state = yy_nxt[yy_base[yy_current_state] + (unsigned int) yy_c];
| 			*(yy_state_ptr)++ = yy_current_state;
| 			++yy_cp;
| 			}
| 		while ( yy_base[yy_current_state] != 10 );
| 
| yy_find_action:
| 		yy_current_state = *--(yy_state_ptr);
| 		(yy_lp) = yy_accept[yy_current_state];
| find_rule: /* we branch to this label when backing up */
| 		for ( ; ; ) /* until we find what rule we matched */
| 			{
| 			if ( (yy_lp) && (yy_lp) < yy_accept[yy_current_state + 1] )
| 				{
| 				yy_act = yy_acclist[(yy_lp)];
| 					{
| 					(yy_full_match) = yy_cp;
| 					break;
| 					}
| 				}
| 			--yy_cp;
| 			yy_current_state = *--(yy_state_ptr);
| 			(yy_lp) = yy_accept[yy_current_state];
| 			}
| 
| 		YY_DO_BEFORE_ACTION;
| 
| do_action:	/* This label is used only to access EOF actions. */
| 
| 		switch ( yy_act )
| 	{ /* beginning of action switch */
| case 1:
| YY_RULE_SETUP
| #line 2 "conftest.l"
| { ECHO; }
| 	YY_BREAK
| case 2:
| YY_RULE_SETUP
| #line 3 "conftest.l"
| { REJECT; }
| 	YY_BREAK
| case 3:
| YY_RULE_SETUP
| #line 4 "conftest.l"
| { yymore (); }
| 	YY_BREAK
| case 4:
| YY_RULE_SETUP
| #line 5 "conftest.l"
| { yyless (1); }
| 	YY_BREAK
| case 5:
| YY_RULE_SETUP
| #line 6 "conftest.l"
| { /* IRIX 6.5 flex 2.5.4 underquotes its yyless argument.  */
|     yyless ((input () != 0)); }
| 	YY_BREAK
| case 6:
| YY_RULE_SETUP
| #line 8 "conftest.l"
| { unput (yytext[0]); }
| 	YY_BREAK
| case 7:
| YY_RULE_SETUP
| #line 9 "conftest.l"
| { BEGIN INITIAL; }
| 	YY_BREAK
| case 8:
| YY_RULE_SETUP
| #line 10 "conftest.l"
| ECHO;
| 	YY_BREAK
| #line 792 "lex.yy.c"
| 			case YY_STATE_EOF(INITIAL):
| 				yyterminate();
| 
| 	case YY_END_OF_BUFFER:
| 		{
| 		/* Amount of text matched not including the EOB char. */
| 		int yy_amount_of_matched_text = (int) (yy_cp - (yytext_ptr)) - 1;
| 
| 		/* Undo the effects of YY_DO_BEFORE_ACTION. */
| 		*yy_cp = (yy_hold_char);
| 		YY_RESTORE_YY_MORE_OFFSET
| 
| 		if ( YY_CURRENT_BUFFER_LVALUE->yy_buffer_status == YY_BUFFER_NEW )
| 			{
| 			/* We're scanning a new file or input source.  It's
| 			 * possible that this happened because the user
| 			 * just pointed yyin at a new source and called
| 			 * yylex().  If so, then we have to assure
| 			 * consistency between YY_CURRENT_BUFFER and our
| 			 * globals.  Here is the right place to do so, because
| 			 * this is the first action (other than possibly a
| 			 * back-up) that will match for the new input source.
| 			 */
| 			(yy_n_chars) = YY_CURRENT_BUFFER_LVALUE->yy_n_chars;
| 			YY_CURRENT_BUFFER_LVALUE->yy_input_file = yyin;
| 			YY_CURRENT_BUFFER_LVALUE->yy_buffer_status = YY_BUFFER_NORMAL;
| 			}
| 
| 		/* Note that here we test for yy_c_buf_p "<=" to the position
| 		 * of the first EOB in the buffer, since yy_c_buf_p will
| 		 * already have been incremented past the NUL character
| 		 * (since all states make transitions on EOB to the
| 		 * end-of-buffer state).  Contrast this with the test
| 		 * in input().
| 		 */
| 		if ( (yy_c_buf_p) <= &YY_CURRENT_BUFFER_LVALUE->yy_ch_buf[(yy_n_chars)] )
| 			{ /* This was really a NUL. */
| 			yy_state_type yy_next_state;
| 
| 			(yy_c_buf_p) = (yytext_ptr) + yy_amount_of_matched_text;
| 
| 			yy_current_state = yy_get_previous_state(  );
| 
| 			/* Okay, we're now positioned to make the NUL
| 			 * transition.  We couldn't have
| 			 * yy_get_previous_state() go ahead and do it
| 			 * for us because it doesn't know how to deal
| 			 * with the possibility of jamming (and we don't
| 			 * want to build jamming into it because then it
| 			 * will run more slowly).
| 			 */
| 
| 			yy_next_state = yy_try_NUL_trans( yy_current_state );
| 
| 			yy_bp = (yytext_ptr) + YY_MORE_ADJ;
| 
| 			if ( yy_next_state )
| 				{
| 				/* Consume the NUL. */
| 				yy_cp = ++(yy_c_buf_p);
| 				yy_current_state = yy_next_state;
| 				goto yy_match;
| 				}
| 
| 			else
| 				{
| 				yy_cp = (yy_c_buf_p);
| 				goto yy_find_action;
| 				}
| 			}
| 
| 		else switch ( yy_get_next_buffer(  ) )
| 			{
| 			case EOB_ACT_END_OF_FILE:
| 				{
| 				(yy_did_buffer_switch_on_eof) = 0;
| 
| 				if ( yywrap( ) )
| 					{
| 					/* Note: because we've taken care in
| 					 * yy_get_next_buffer() to have set up
| 					 * yytext, we can now set up
| 					 * yy_c_buf_p so that if some total
| 					 * hoser (like flex itself) wants to
| 					 * call the scanner after we return the
| 					 * YY_NULL, it'll still work - another
| 					 * YY_NULL will get returned.
| 					 */
| 					(yy_c_buf_p) = (yytext_ptr) + YY_MORE_ADJ;
| 
| 					yy_act = YY_STATE_EOF(YY_START);
| 					goto do_action;
| 					}
| 
| 				else
| 					{
| 					if ( ! (yy_did_buffer_switch_on_eof) )
| 						YY_NEW_FILE;
| 					}
| 				break;
| 				}
| 
| 			case EOB_ACT_CONTINUE_SCAN:
| 				(yy_c_buf_p) =
| 					(yytext_ptr) + yy_amount_of_matched_text;
| 
| 				yy_current_state = yy_get_previous_state(  );
| 
| 				yy_cp = (yy_c_buf_p);
| 				yy_bp = (yytext_ptr) + YY_MORE_ADJ;
| 				goto yy_match;
| 
| 			case EOB_ACT_LAST_MATCH:
| 				(yy_c_buf_p) =
| 				&YY_CURRENT_BUFFER_LVALUE->yy_ch_buf[(yy_n_chars)];
| 
| 				yy_current_state = yy_get_previous_state(  );
| 
| 				yy_cp = (yy_c_buf_p);
| 				yy_bp = (yytext_ptr) + YY_MORE_ADJ;
| 				goto yy_find_action;
| 			}
| 		break;
| 		}
| 
| 	default:
| 		YY_FATAL_ERROR(
| 			"fatal flex scanner internal error--no action found" );
| 	} /* end of action switch */
| 		} /* end of scanning one token */
| } /* end of yylex */
| 
| /* yy_get_next_buffer - try to read in a new buffer
|  *
|  * Returns a code representing an action:
|  *	EOB_ACT_LAST_MATCH -
|  *	EOB_ACT_CONTINUE_SCAN - continue scanning from current position
|  *	EOB_ACT_END_OF_FILE - end of file
|  */
| static int yy_get_next_buffer (void)
| {
|     	register char *dest = YY_CURRENT_BUFFER_LVALUE->yy_ch_buf;
| 	register char *source = (yytext_ptr);
| 	register int number_to_move, i;
| 	int ret_val;
| 
| 	if ( (yy_c_buf_p) > &YY_CURRENT_BUFFER_LVALUE->yy_ch_buf[(yy_n_chars) + 1] )
| 		YY_FATAL_ERROR(
| 		"fatal flex scanner internal error--end of buffer missed" );
| 
| 	if ( YY_CURRENT_BUFFER_LVALUE->yy_fill_buffer == 0 )
| 		{ /* Don't try to fill the buffer, so this is an EOF. */
| 		if ( (yy_c_buf_p) - (yytext_ptr) - YY_MORE_ADJ == 1 )
| 			{
| 			/* We matched a single character, the EOB, so
| 			 * treat this as a final EOF.
| 			 */
| 			return EOB_ACT_END_OF_FILE;
| 			}
| 
| 		else
| 			{
| 			/* We matched some text prior to the EOB, first
| 			 * process it.
| 			 */
| 			return EOB_ACT_LAST_MATCH;
| 			}
| 		}
| 
| 	/* Try to read more data. */
| 
| 	/* First move last chars to start of buffer. */
| 	number_to_move = (int) ((yy_c_buf_p) - (yytext_ptr)) - 1;
| 
| 	for ( i = 0; i < number_to_move; ++i )
| 		*(dest++) = *(source++);
| 
| 	if ( YY_CURRENT_BUFFER_LVALUE->yy_buffer_status == YY_BUFFER_EOF_PENDING )
| 		/* don't do the read, it's not guaranteed to return an EOF,
| 		 * just force an EOF
| 		 */
| 		YY_CURRENT_BUFFER_LVALUE->yy_n_chars = (yy_n_chars) = 0;
| 
| 	else
| 		{
| 			yy_size_t num_to_read =
| 			YY_CURRENT_BUFFER_LVALUE->yy_buf_size - number_to_move - 1;
| 
| 		while ( num_to_read <= 0 )
| 			{ /* Not enough room in the buffer - grow it. */
| 
| 			YY_FATAL_ERROR(
| "input buffer overflow, can't enlarge buffer because scanner uses REJECT" );
| 
| 			}
| 
| 		if ( num_to_read > YY_READ_BUF_SIZE )
| 			num_to_read = YY_READ_BUF_SIZE;
| 
| 		/* Read in more data. */
| 		YY_INPUT( (&YY_CURRENT_BUFFER_LVALUE->yy_ch_buf[number_to_move]),
| 			(yy_n_chars), num_to_read );
| 
| 		YY_CURRENT_BUFFER_LVALUE->yy_n_chars = (yy_n_chars);
| 		}
| 
| 	if ( (yy_n_chars) == 0 )
| 		{
| 		if ( number_to_move == YY_MORE_ADJ )
| 			{
| 			ret_val = EOB_ACT_END_OF_FILE;
| 			yyrestart(yyin  );
| 			}
| 
| 		else
| 			{
| 			ret_val = EOB_ACT_LAST_MATCH;
| 			YY_CURRENT_BUFFER_LVALUE->yy_buffer_status =
| 				YY_BUFFER_EOF_PENDING;
| 			}
| 		}
| 
| 	else
| 		ret_val = EOB_ACT_CONTINUE_SCAN;
| 
| 	if ((yy_size_t) ((yy_n_chars) + number_to_move) > YY_CURRENT_BUFFER_LVALUE->yy_buf_size) {
| 		/* Extend the array by 50%, plus the number we really need. */
| 		yy_size_t new_size = (yy_n_chars) + number_to_move + ((yy_n_chars) >> 1);
| 		YY_CURRENT_BUFFER_LVALUE->yy_ch_buf = (char *) yyrealloc((void *) YY_CURRENT_BUFFER_LVALUE->yy_ch_buf,new_size  );
| 		if ( ! YY_CURRENT_BUFFER_LVALUE->yy_ch_buf )
| 			YY_FATAL_ERROR( "out of dynamic memory in yy_get_next_buffer()" );
| 	}
| 
| 	(yy_n_chars) += number_to_move;
| 	YY_CURRENT_BUFFER_LVALUE->yy_ch_buf[(yy_n_chars)] = YY_END_OF_BUFFER_CHAR;
| 	YY_CURRENT_BUFFER_LVALUE->yy_ch_buf[(yy_n_chars) + 1] = YY_END_OF_BUFFER_CHAR;
| 
| 	(yytext_ptr) = &YY_CURRENT_BUFFER_LVALUE->yy_ch_buf[0];
| 
| 	return ret_val;
| }
| 
| /* yy_get_previous_state - get the state just before the EOB char was reached */
| 
|     static yy_state_type yy_get_previous_state (void)
| {
| 	register yy_state_type yy_current_state;
| 	register char *yy_cp;
|     
| 	yy_current_state = (yy_start);
| 
| 	(yy_state_ptr) = (yy_state_buf);
| 	*(yy_state_ptr)++ = yy_current_state;
| 
| 	for ( yy_cp = (yytext_ptr) + YY_MORE_ADJ; yy_cp < (yy_c_buf_p); ++yy_cp )
| 		{
| 		register YY_CHAR yy_c = (*yy_cp ? yy_ec[YY_SC_TO_UI(*yy_cp)] : 1);
| 		while ( yy_chk[yy_base[yy_current_state] + yy_c] != yy_current_state )
| 			{
| 			yy_current_state = (int) yy_def[yy_current_state];
| 			if ( yy_current_state >= 13 )
| 				yy_c = yy_meta[(unsigned int) yy_c];
| 			}
| 		yy_current_state = yy_nxt[yy_base[yy_current_state] + (unsigned int) yy_c];
| 		*(yy_state_ptr)++ = yy_current_state;
| 		}
| 
| 	return yy_current_state;
| }
| 
| /* yy_try_NUL_trans - try to make a transition on the NUL character
|  *
|  * synopsis
|  *	next_state = yy_try_NUL_trans( current_state );
|  */
|     static yy_state_type yy_try_NUL_trans  (yy_state_type yy_current_state )
| {
| 	register int yy_is_jam;
|     
| 	register YY_CHAR yy_c = 1;
| 	while ( yy_chk[yy_base[yy_current_state] + yy_c] != yy_current_state )
| 		{
| 		yy_current_state = (int) yy_def[yy_current_state];
| 		if ( yy_current_state >= 13 )
| 			yy_c = yy_meta[(unsigned int) yy_c];
| 		}
| 	yy_current_state = yy_nxt[yy_base[yy_current_state] + (unsigned int) yy_c];
| 	yy_is_jam = (yy_current_state == 12);
| 	if ( ! yy_is_jam )
| 		*(yy_state_ptr)++ = yy_current_state;
| 
| 		return yy_is_jam ? 0 : yy_current_state;
| }
| 
|     static void yyunput (int c, register char * yy_bp )
| {
| 	register char *yy_cp;
|     
|     yy_cp = (yy_c_buf_p);
| 
| 	/* undo effects of setting up yytext */
| 	*yy_cp = (yy_hold_char);
| 
| 	if ( yy_cp < YY_CURRENT_BUFFER_LVALUE->yy_ch_buf + 2 )
| 		{ /* need to shift things up to make room */
| 		/* +2 for EOB chars. */
| 		register yy_size_t number_to_move = (yy_n_chars) + 2;
| 		register char *dest = &YY_CURRENT_BUFFER_LVALUE->yy_ch_buf[
| 					YY_CURRENT_BUFFER_LVALUE->yy_buf_size + 2];
| 		register char *source =
| 				&YY_CURRENT_BUFFER_LVALUE->yy_ch_buf[number_to_move];
| 
| 		while ( source > YY_CURRENT_BUFFER_LVALUE->yy_ch_buf )
| 			*--dest = *--source;
| 
| 		yy_cp += (int) (dest - source);
| 		yy_bp += (int) (dest - source);
| 		YY_CURRENT_BUFFER_LVALUE->yy_n_chars =
| 			(yy_n_chars) = YY_CURRENT_BUFFER_LVALUE->yy_buf_size;
| 
| 		if ( yy_cp < YY_CURRENT_BUFFER_LVALUE->yy_ch_buf + 2 )
| 			YY_FATAL_ERROR( "flex scanner push-back overflow" );
| 		}
| 
| 	*--yy_cp = (char) c;
| 
| 	(yytext_ptr) = yy_bp;
| 	(yy_hold_char) = *yy_cp;
| 	(yy_c_buf_p) = yy_cp;
| }
| 
| #ifndef YY_NO_INPUT
| #ifdef __cplusplus
|     static int yyinput (void)
| #else
|     static int input  (void)
| #endif
| 
| {
| 	int c;
|     
| 	*(yy_c_buf_p) = (yy_hold_char);
| 
| 	if ( *(yy_c_buf_p) == YY_END_OF_BUFFER_CHAR )
| 		{
| 		/* yy_c_buf_p now points to the character we want to return.
| 		 * If this occurs *before* the EOB characters, then it's a
| 		 * valid NUL; if not, then we've hit the end of the buffer.
| 		 */
| 		if ( (yy_c_buf_p) < &YY_CURRENT_BUFFER_LVALUE->yy_ch_buf[(yy_n_chars)] )
| 			/* This was really a NUL. */
| 			*(yy_c_buf_p) = '\0';
| 
| 		else
| 			{ /* need more input */
| 			yy_size_t offset = (yy_c_buf_p) - (yytext_ptr);
| 			++(yy_c_buf_p);
| 
| 			switch ( yy_get_next_buffer(  ) )
| 				{
| 				case EOB_ACT_LAST_MATCH:
| 					/* This happens because yy_g_n_b()
| 					 * sees that we've accumulated a
| 					 * token and flags that we need to
| 					 * try matching the token before
| 					 * proceeding.  But for input(),
| 					 * there's no matching to consider.
| 					 * So convert the EOB_ACT_LAST_MATCH
| 					 * to EOB_ACT_END_OF_FILE.
| 					 */
| 
| 					/* Reset buffer status. */
| 					yyrestart(yyin );
| 
| 					/*FALLTHROUGH*/
| 
| 				case EOB_ACT_END_OF_FILE:
| 					{
| 					if ( yywrap( ) )
| 						return EOF;
| 
| 					if ( ! (yy_did_buffer_switch_on_eof) )
| 						YY_NEW_FILE;
| #ifdef __cplusplus
| 					return yyinput();
| #else
| 					return input();
| #endif
| 					}
| 
| 				case EOB_ACT_CONTINUE_SCAN:
| 					(yy_c_buf_p) = (yytext_ptr) + offset;
| 					break;
| 				}
| 			}
| 		}
| 
| 	c = *(unsigned char *) (yy_c_buf_p);	/* cast for 8-bit char's */
| 	*(yy_c_buf_p) = '\0';	/* preserve yytext */
| 	(yy_hold_char) = *++(yy_c_buf_p);
| 
| 	return c;
| }
| #endif	/* ifndef YY_NO_INPUT */
| 
| /** Immediately switch to a different input stream.
|  * @param input_file A readable stream.
|  * 
|  * @note This function does not reset the start condition to @c INITIAL .
|  */
|     void yyrestart  (FILE * input_file )
| {
|     
| 	if ( ! YY_CURRENT_BUFFER ){
|         yyensure_buffer_stack ();
| 		YY_CURRENT_BUFFER_LVALUE =
|             yy_create_buffer(yyin,YY_BUF_SIZE );
| 	}
| 
| 	yy_init_buffer(YY_CURRENT_BUFFER,input_file );
| 	yy_load_buffer_state( );
| }
| 
| /** Switch to a different input buffer.
|  * @param new_buffer The new input buffer.
|  * 
|  */
|     void yy_switch_to_buffer  (YY_BUFFER_STATE  new_buffer )
| {
|     
| 	/* TODO. We should be able to replace this entire function body
| 	 * with
| 	 *		yypop_buffer_state();
| 	 *		yypush_buffer_state(new_buffer);
|      */
| 	yyensure_buffer_stack ();
| 	if ( YY_CURRENT_BUFFER == new_buffer )
| 		return;
| 
| 	if ( YY_CURRENT_BUFFER )
| 		{
| 		/* Flush out information for old buffer. */
| 		*(yy_c_buf_p) = (yy_hold_char);
| 		YY_CURRENT_BUFFER_LVALUE->yy_buf_pos = (yy_c_buf_p);
| 		YY_CURRENT_BUFFER_LVALUE->yy_n_chars = (yy_n_chars);
| 		}
| 
| 	YY_CURRENT_BUFFER_LVALUE = new_buffer;
| 	yy_load_buffer_state( );
| 
| 	/* We don't actually know whether we did this switch during
| 	 * EOF (yywrap()) processing, but the only time this flag
| 	 * is looked at is after yywrap() is called, so it's safe
| 	 * to go ahead and always set it.
| 	 */
| 	(yy_did_buffer_switch_on_eof) = 1;
| }
| 
| static void yy_load_buffer_state  (void)
| {
|     	(yy_n_chars) = YY_CURRENT_BUFFER_LVALUE->yy_n_chars;
| 	(yytext_ptr) = (yy_c_buf_p) = YY_CURRENT_BUFFER_LVALUE->yy_buf_pos;
| 	yyin = YY_CURRENT_BUFFER_LVALUE->yy_input_file;
| 	(yy_hold_char) = *(yy_c_buf_p);
| }
| 
| /** Allocate and initialize an input buffer state.
|  * @param file A readable stream.
|  * @param size The character buffer size in bytes. When in doubt, use @c YY_BUF_SIZE.
|  * 
|  * @return the allocated buffer state.
|  */
|     YY_BUFFER_STATE yy_create_buffer  (FILE * file, int  size )
| {
| 	YY_BUFFER_STATE b;
|     
| 	b = (YY_BUFFER_STATE) yyalloc(sizeof( struct yy_buffer_state )  );
| 	if ( ! b )
| 		YY_FATAL_ERROR( "out of dynamic memory in yy_create_buffer()" );
| 
| 	b->yy_buf_size = size;
| 
| 	/* yy_ch_buf has to be 2 characters longer than the size given because
| 	 * we need to put in 2 end-of-buffer characters.
| 	 */
| 	b->yy_ch_buf = (char *) yyalloc(b->yy_buf_size + 2  );
| 	if ( ! b->yy_ch_buf )
| 		YY_FATAL_ERROR( "out of dynamic memory in yy_create_buffer()" );
| 
| 	b->yy_is_our_buffer = 1;
| 
| 	yy_init_buffer(b,file );
| 
| 	return b;
| }
| 
| /** Destroy the buffer.
|  * @param b a buffer created with yy_create_buffer()
|  * 
|  */
|     void yy_delete_buffer (YY_BUFFER_STATE  b )
| {
|     
| 	if ( ! b )
| 		return;
| 
| 	if ( b == YY_CURRENT_BUFFER ) /* Not sure if we should pop here. */
| 		YY_CURRENT_BUFFER_LVALUE = (YY_BUFFER_STATE) 0;
| 
| 	if ( b->yy_is_our_buffer )
| 		yyfree((void *) b->yy_ch_buf  );
| 
| 	yyfree((void *) b  );
| }
| 
| /* Initializes or reinitializes a buffer.
|  * This function is sometimes called more than once on the same buffer,
|  * such as during a yyrestart() or at EOF.
|  */
|     static void yy_init_buffer  (YY_BUFFER_STATE  b, FILE * file )
| 
| {
| 	int oerrno = errno;
|     
| 	yy_flush_buffer(b );
| 
| 	b->yy_input_file = file;
| 	b->yy_fill_buffer = 1;
| 
|     /* If b is the current buffer, then yy_init_buffer was _probably_
|      * called from yyrestart() or through yy_get_next_buffer.
|      * In that case, we don't want to reset the lineno or column.
|      */
|     if (b != YY_CURRENT_BUFFER){
|         b->yy_bs_lineno = 1;
|         b->yy_bs_column = 0;
|     }
| 
|         b->yy_is_interactive = file ? (isatty( fileno(file) ) > 0) : 0;
|     
| 	errno = oerrno;
| }
| 
| /** Discard all buffered characters. On the next scan, YY_INPUT will be called.
|  * @param b the buffer state to be flushed, usually @c YY_CURRENT_BUFFER.
|  * 
|  */
|     void yy_flush_buffer (YY_BUFFER_STATE  b )
| {
|     	if ( ! b )
| 		return;
| 
| 	b->yy_n_chars = 0;
| 
| 	/* We always need two end-of-buffer characters.  The first causes
| 	 * a transition to the end-of-buffer state.  The second causes
| 	 * a jam in that state.
| 	 */
| 	b->yy_ch_buf[0] = YY_END_OF_BUFFER_CHAR;
| 	b->yy_ch_buf[1] = YY_END_OF_BUFFER_CHAR;
| 
| 	b->yy_buf_pos = &b->yy_ch_buf[0];
| 
| 	b->yy_at_bol = 1;
| 	b->yy_buffer_status = YY_BUFFER_NEW;
| 
| 	if ( b == YY_CURRENT_BUFFER )
| 		yy_load_buffer_state( );
| }
| 
| /** Pushes the new state onto the stack. The new state becomes
|  *  the current state. This function will allocate the stack
|  *  if necessary.
|  *  @param new_buffer The new state.
|  *  
|  */
| void yypush_buffer_state (YY_BUFFER_STATE new_buffer )
| {
|     	if (new_buffer == NULL)
| 		return;
| 
| 	yyensure_buffer_stack();
| 
| 	/* This block is copied from yy_switch_to_buffer. */
| 	if ( YY_CURRENT_BUFFER )
| 		{
| 		/* Flush out information for old buffer. */
| 		*(yy_c_buf_p) = (yy_hold_char);
| 		YY_CURRENT_BUFFER_LVALUE->yy_buf_pos = (yy_c_buf_p);
| 		YY_CURRENT_BUFFER_LVALUE->yy_n_chars = (yy_n_chars);
| 		}
| 
| 	/* Only push if top exists. Otherwise, replace top. */
| 	if (YY_CURRENT_BUFFER)
| 		(yy_buffer_stack_top)++;
| 	YY_CURRENT_BUFFER_LVALUE = new_buffer;
| 
| 	/* copied from yy_switch_to_buffer. */
| 	yy_load_buffer_state( );
| 	(yy_did_buffer_switch_on_eof) = 1;
| }
| 
| /** Removes and deletes the top of the stack, if present.
|  *  The next element becomes the new top.
|  *  
|  */
| void yypop_buffer_state (void)
| {
|     	if (!YY_CURRENT_BUFFER)
| 		return;
| 
| 	yy_delete_buffer(YY_CURRENT_BUFFER );
| 	YY_CURRENT_BUFFER_LVALUE = NULL;
| 	if ((yy_buffer_stack_top) > 0)
| 		--(yy_buffer_stack_top);
| 
| 	if (YY_CURRENT_BUFFER) {
| 		yy_load_buffer_state( );
| 		(yy_did_buffer_switch_on_eof) = 1;
| 	}
| }
| 
| /* Allocates the stack if it does not exist.
|  *  Guarantees space for at least one push.
|  */
| static void yyensure_buffer_stack (void)
| {
| 	yy_size_t num_to_alloc;
|     
| 	if (!(yy_buffer_stack)) {
| 
| 		/* First allocation is just for 2 elements, since we don't know if this
| 		 * scanner will even need a stack. We use 2 instead of 1 to avoid an
| 		 * immediate realloc on the next call.
|          */
| 		num_to_alloc = 1;
| 		(yy_buffer_stack) = (struct yy_buffer_state**)yyalloc
| 								(num_to_alloc * sizeof(struct yy_buffer_state*)
| 								);
| 		if ( ! (yy_buffer_stack) )
| 			YY_FATAL_ERROR( "out of dynamic memory in yyensure_buffer_stack()" );
| 								  
| 		memset((yy_buffer_stack), 0, num_to_alloc * sizeof(struct yy_buffer_state*));
| 				
| 		(yy_buffer_stack_max) = num_to_alloc;
| 		(yy_buffer_stack_top) = 0;
| 		return;
| 	}
| 
| 	if ((yy_buffer_stack_top) >= ((yy_buffer_stack_max)) - 1){
| 
| 		/* Increase the buffer to prepare for a possible push. */
| 		int grow_size = 8 /* arbitrary grow size */;
| 
| 		num_to_alloc = (yy_buffer_stack_max) + grow_size;
| 		(yy_buffer_stack) = (struct yy_buffer_state**)yyrealloc
| 								((yy_buffer_stack),
| 								num_to_alloc * sizeof(struct yy_buffer_state*)
| 								);
| 		if ( ! (yy_buffer_stack) )
| 			YY_FATAL_ERROR( "out of dynamic memory in yyensure_buffer_stack()" );
| 
| 		/* zero only the new slots.*/
| 		memset((yy_buffer_stack) + (yy_buffer_stack_max), 0, grow_size * sizeof(struct yy_buffer_state*));
| 		(yy_buffer_stack_max) = num_to_alloc;
| 	}
| }
| 
| /** Setup the input buffer state to scan directly from a user-specified character buffer.
|  * @param base the character buffer
|  * @param size the size in bytes of the character buffer
|  * 
|  * @return the newly allocated buffer state object. 
|  */
| YY_BUFFER_STATE yy_scan_buffer  (char * base, yy_size_t  size )
| {
| 	YY_BUFFER_STATE b;
|     
| 	if ( size < 2 ||
| 	     base[size-2] != YY_END_OF_BUFFER_CHAR ||
| 	     base[size-1] != YY_END_OF_BUFFER_CHAR )
| 		/* They forgot to leave room for the EOB's. */
| 		return 0;
| 
| 	b = (YY_BUFFER_STATE) yyalloc(sizeof( struct yy_buffer_state )  );
| 	if ( ! b )
| 		YY_FATAL_ERROR( "out of dynamic memory in yy_scan_buffer()" );
| 
| 	b->yy_buf_size = size - 2;	/* "- 2" to take care of EOB's */
| 	b->yy_buf_pos = b->yy_ch_buf = base;
| 	b->yy_is_our_buffer = 0;
| 	b->yy_input_file = 0;
| 	b->yy_n_chars = b->yy_buf_size;
| 	b->yy_is_interactive = 0;
| 	b->yy_at_bol = 1;
| 	b->yy_fill_buffer = 0;
| 	b->yy_buffer_status = YY_BUFFER_NEW;
| 
| 	yy_switch_to_buffer(b  );
| 
| 	return b;
| }
| 
| /** Setup the input buffer state to scan a string. The next call to yylex() will
|  * scan from a @e copy of @a str.
|  * @param yystr a NUL-terminated string to scan
|  * 
|  * @return the newly allocated buffer state object.
|  * @note If you want to scan bytes that may contain NUL values, then use
|  *       yy_scan_bytes() instead.
|  */
| YY_BUFFER_STATE yy_scan_string (yyconst char * yystr )
| {
|     
| 	return yy_scan_bytes(yystr,strlen(yystr) );
| }
| 
| /** Setup the input buffer state to scan the given bytes. The next call to yylex() will
|  * scan from a @e copy of @a bytes.
|  * @param yybytes the byte buffer to scan
|  * @param _yybytes_len the number of bytes in the buffer pointed to by @a bytes.
|  * 
|  * @return the newly allocated buffer state object.
|  */
| YY_BUFFER_STATE yy_scan_bytes  (yyconst char * yybytes, yy_size_t  _yybytes_len )
| {
| 	YY_BUFFER_STATE b;
| 	char *buf;
| 	yy_size_t n;
| 	yy_size_t i;
|     
| 	/* Get memory for full buffer, including space for trailing EOB's. */
| 	n = _yybytes_len + 2;
| 	buf = (char *) yyalloc(n  );
| 	if ( ! buf )
| 		YY_FATAL_ERROR( "out of dynamic memory in yy_scan_bytes()" );
| 
| 	for ( i = 0; i < _yybytes_len; ++i )
| 		buf[i] = yybytes[i];
| 
| 	buf[_yybytes_len] = buf[_yybytes_len+1] = YY_END_OF_BUFFER_CHAR;
| 
| 	b = yy_scan_buffer(buf,n );
| 	if ( ! b )
| 		YY_FATAL_ERROR( "bad buffer in yy_scan_bytes()" );
| 
| 	/* It's okay to grow etc. this buffer, and we should throw it
| 	 * away when we're done.
| 	 */
| 	b->yy_is_our_buffer = 1;
| 
| 	return b;
| }
| 
| #ifndef YY_EXIT_FAILURE
| #define YY_EXIT_FAILURE 2
| #endif
| 
| static void yy_fatal_error (yyconst char* msg )
| {
|     	(void) fprintf( stderr, "%s\n", msg );
| 	exit( YY_EXIT_FAILURE );
| }
| 
| /* Redefine yyless() so it works in section 3 code. */
| 
| #undef yyless
| #define yyless(n) \
| 	do \
| 		{ \
| 		/* Undo effects of setting up yytext. */ \
|         int yyless_macro_arg = (n); \
|         YY_LESS_LINENO(yyless_macro_arg);\
| 		yytext[yyleng] = (yy_hold_char); \
| 		(yy_c_buf_p) = yytext + yyless_macro_arg; \
| 		(yy_hold_char) = *(yy_c_buf_p); \
| 		*(yy_c_buf_p) = '\0'; \
| 		yyleng = yyless_macro_arg; \
| 		} \
| 	while ( 0 )
| 
| /* Accessor  methods (get/set functions) to struct members. */
| 
| /** Get the current line number.
|  * 
|  */
| int yyget_lineno  (void)
| {
|         
|     return yylineno;
| }
| 
| /** Get the input stream.
|  * 
|  */
| FILE *yyget_in  (void)
| {
|         return yyin;
| }
| 
| /** Get the output stream.
|  * 
|  */
| FILE *yyget_out  (void)
| {
|         return yyout;
| }
| 
| /** Get the length of the current token.
|  * 
|  */
| yy_size_t yyget_leng  (void)
| {
|         return yyleng;
| }
| 
| /** Get the current token.
|  * 
|  */
| 
| char *yyget_text  (void)
| {
|         return yytext;
| }
| 
| /** Set the current line number.
|  * @param line_number
|  * 
|  */
| void yyset_lineno (int  line_number )
| {
|     
|     yylineno = line_number;
| }
| 
| /** Set the input stream. This does not discard the current
|  * input buffer.
|  * @param in_str A readable stream.
|  * 
|  * @see yy_switch_to_buffer
|  */
| void yyset_in (FILE *  in_str )
| {
|         yyin = in_str ;
| }
| 
| void yyset_out (FILE *  out_str )
| {
|         yyout = out_str ;
| }
| 
| int yyget_debug  (void)
| {
|         return yy_flex_debug;
| }
| 
| void yyset_debug (int  bdebug )
| {
|         yy_flex_debug = bdebug ;
| }
| 
| static int yy_init_globals (void)
| {
|         /* Initialization is the same as for the non-reentrant scanner.
|      * This function is called from yylex_destroy(), so don't allocate here.
|      */
| 
|     (yy_buffer_stack) = 0;
|     (yy_buffer_stack_top) = 0;
|     (yy_buffer_stack_max) = 0;
|     (yy_c_buf_p) = (char *) 0;
|     (yy_init) = 0;
|     (yy_start) = 0;
| 
|     (yy_state_buf) = 0;
|     (yy_state_ptr) = 0;
|     (yy_full_match) = 0;
|     (yy_lp) = 0;
| 
| /* Defined in main.c */
| #ifdef YY_STDINIT
|     yyin = stdin;
|     yyout = stdout;
| #else
|     yyin = (FILE *) 0;
|     yyout = (FILE *) 0;
| #endif
| 
|     /* For future reference: Set errno on error, since we are called by
|      * yylex_init()
|      */
|     return 0;
| }
| 
| /* yylex_destroy is for both reentrant and non-reentrant scanners. */
| int yylex_destroy  (void)
| {
|     
|     /* Pop the buffer stack, destroying each element. */
| 	while(YY_CURRENT_BUFFER){
| 		yy_delete_buffer(YY_CURRENT_BUFFER  );
| 		YY_CURRENT_BUFFER_LVALUE = NULL;
| 		yypop_buffer_state();
| 	}
| 
| 	/* Destroy the stack itself. */
| 	yyfree((yy_buffer_stack) );
| 	(yy_buffer_stack) = NULL;
| 
|     yyfree ( (yy_state_buf) );
|     (yy_state_buf)  = NULL;
| 
|     /* Reset the globals. This is important in a non-reentrant scanner so the next time
|      * yylex() is called, initialization will occur. */
|     yy_init_globals( );
| 
|     return 0;
| }
| 
| /*
|  * Internal utility routines.
|  */
| 
| #ifndef yytext_ptr
| static void yy_flex_strncpy (char* s1, yyconst char * s2, int n )
| {
| 	register int i;
| 	for ( i = 0; i < n; ++i )
| 		s1[i] = s2[i];
| }
| #endif
| 
| #ifdef YY_NEED_STRLEN
| static int yy_flex_strlen (yyconst char * s )
| {
| 	register int n;
| 	for ( n = 0; s[n]; ++n )
| 		;
| 
| 	return n;
| }
| #endif
| 
| void *yyalloc (yy_size_t  size )
| {
| 	return (void *) malloc( size );
| }
| 
| void *yyrealloc  (void * ptr, yy_size_t  size )
| {
| 	/* The cast to (char *) in the following accommodates both
| 	 * implementations that use char* generic pointers, and those
| 	 * that use void* generic pointers.  It works with the latter
| 	 * because both ANSI C and C++ allow castless assignment from
| 	 * any pointer type to void*, and deal with argument conversions
| 	 * as though doing an assignment.
| 	 */
| 	return (void *) realloc( (char *) ptr, size );
| }
| 
| void yyfree (void * ptr )
| {
| 	free( (char *) ptr );	/* see yyrealloc() for (char *) cast */
| }
| 
| #define YYTABLES_NAME "yytables"
| 
| #line 10 "conftest.l"
| 
| 
| #ifdef YYTEXT_POINTER
| extern char *yytext;
| #endif
| int
| main (void)
| {
|   return ! yylex () + ! yywrap ();
| }
configure:13316: gcc -o conftest -std=gnu11 -g -O2 -fno-math-errno -fno-signed-zeros -I/usr/local/gmp/include -I/usr/local/proj/includ -L/usr/local/gmp/lib  -L/usr/local/proj/lib64 -lm conftest.c -lfl -lgmp >&5
/opt/rh/devtoolset-11/root/usr/libexec/gcc/x86_64-redhat-linux/11/ld: cannot find -lfl
collect2: error: ld returned 1 exit status
configure:13316: $? = 1
configure: failed program was:
| /* confdefs.h */
| #define PACKAGE_NAME "postgis"
| #define PACKAGE_TARNAME "postgis"
| #define PACKAGE_VERSION "3.7 "
| #define PACKAGE_STRING "postgis 3.7 "
| #define PACKAGE_BUGREPORT ""
| #define PACKAGE_URL ""
| #define STDC_HEADERS 1
| #define HAVE_SYS_TYPES_H 1
| #define HAVE_SYS_STAT_H 1
| #define HAVE_STDLIB_H 1
| #define HAVE_STRING_H 1
| #define HAVE_MEMORY_H 1
| #define HAVE_STRINGS_H 1
| #define HAVE_INTTYPES_H 1
| #define HAVE_STDINT_H 1
| #define HAVE_UNISTD_H 1
| #define HAVE_DLFCN_H 1
| #define LT_OBJDIR ".libs/"
| #define POSTGIS_MAJOR_VERSION "3"
| #define POSTGIS_MINOR_VERSION "7"
| #define POSTGIS_MICRO_VERSION "0dev"
| /* end confdefs.h.  */
| 
| #line 3 "lex.yy.c"
| 
| #define  YY_INT_ALIGNED short int
| 
| /* A lexical scanner generated by flex */
| 
| #define FLEX_SCANNER
| #define YY_FLEX_MAJOR_VERSION 2
| #define YY_FLEX_MINOR_VERSION 5
| #define YY_FLEX_SUBMINOR_VERSION 37
| #if YY_FLEX_SUBMINOR_VERSION > 0
| #define FLEX_BETA
| #endif
| 
| /* First, we deal with  platform-specific or compiler-specific issues. */
| 
| /* begin standard C headers. */
| #include <stdio.h>
| #include <string.h>
| #include <errno.h>
| #include <stdlib.h>
| 
| /* end standard C headers. */
| 
| /* flex integer type definitions */
| 
| #ifndef FLEXINT_H
| #define FLEXINT_H
| 
| /* C99 systems have <inttypes.h>. Non-C99 systems may or may not. */
| 
| #if defined (__STDC_VERSION__) && __STDC_VERSION__ >= 199901L
| 
| /* C99 says to define __STDC_LIMIT_MACROS before including stdint.h,
|  * if you want the limit (max/min) macros for int types. 
|  */
| #ifndef __STDC_LIMIT_MACROS
| #define __STDC_LIMIT_MACROS 1
| #endif
| 
| #include <inttypes.h>
| typedef int8_t flex_int8_t;
| typedef uint8_t flex_uint8_t;
| typedef int16_t flex_int16_t;
| typedef uint16_t flex_uint16_t;
| typedef int32_t flex_int32_t;
| typedef uint32_t flex_uint32_t;
| #else
| typedef signed char flex_int8_t;
| typedef short int flex_int16_t;
| typedef int flex_int32_t;
| typedef unsigned char flex_uint8_t; 
| typedef unsigned short int flex_uint16_t;
| typedef unsigned int flex_uint32_t;
| 
| /* Limits of integral types. */
| #ifndef INT8_MIN
| #define INT8_MIN               (-128)
| #endif
| #ifndef INT16_MIN
| #define INT16_MIN              (-32767-1)
| #endif
| #ifndef INT32_MIN
| #define INT32_MIN              (-2147483647-1)
| #endif
| #ifndef INT8_MAX
| #define INT8_MAX               (127)
| #endif
| #ifndef INT16_MAX
| #define INT16_MAX              (32767)
| #endif
| #ifndef INT32_MAX
| #define INT32_MAX              (2147483647)
| #endif
| #ifndef UINT8_MAX
| #define UINT8_MAX              (255U)
| #endif
| #ifndef UINT16_MAX
| #define UINT16_MAX             (65535U)
| #endif
| #ifndef UINT32_MAX
| #define UINT32_MAX             (4294967295U)
| #endif
| 
| #endif /* ! C99 */
| 
| #endif /* ! FLEXINT_H */
| 
| #ifdef __cplusplus
| 
| /* The "const" storage-class-modifier is valid. */
| #define YY_USE_CONST
| 
| #else	/* ! __cplusplus */
| 
| /* C99 requires __STDC__ to be defined as 1. */
| #if defined (__STDC__)
| 
| #define YY_USE_CONST
| 
| #endif	/* defined (__STDC__) */
| #endif	/* ! __cplusplus */
| 
| #ifdef YY_USE_CONST
| #define yyconst const
| #else
| #define yyconst
| #endif
| 
| /* Returned upon end-of-file. */
| #define YY_NULL 0
| 
| /* Promotes a possibly negative, possibly signed char to an unsigned
|  * integer for use as an array index.  If the signed char is negative,
|  * we want to instead treat it as an 8-bit unsigned char, hence the
|  * double cast.
|  */
| #define YY_SC_TO_UI(c) ((unsigned int) (unsigned char) c)
| 
| /* Enter a start condition.  This macro really ought to take a parameter,
|  * but we do it the disgusting crufty way forced on us by the ()-less
|  * definition of BEGIN.
|  */
| #define BEGIN (yy_start) = 1 + 2 *
| 
| /* Translate the current start state into a value that can be later handed
|  * to BEGIN to return to the state.  The YYSTATE alias is for lex
|  * compatibility.
|  */
| #define YY_START (((yy_start) - 1) / 2)
| #define YYSTATE YY_START
| 
| /* Action number for EOF rule of a given start state. */
| #define YY_STATE_EOF(state) (YY_END_OF_BUFFER + state + 1)
| 
| /* Special action meaning "start processing a new file". */
| #define YY_NEW_FILE yyrestart(yyin  )
| 
| #define YY_END_OF_BUFFER_CHAR 0
| 
| /* Size of default input buffer. */
| #ifndef YY_BUF_SIZE
| #define YY_BUF_SIZE 16384
| #endif
| 
| /* The state buf must be large enough to hold one state per character in the main buffer.
|  */
| #define YY_STATE_BUF_SIZE   ((YY_BUF_SIZE + 2) * sizeof(yy_state_type))
| 
| #ifndef YY_TYPEDEF_YY_BUFFER_STATE
| #define YY_TYPEDEF_YY_BUFFER_STATE
| typedef struct yy_buffer_state *YY_BUFFER_STATE;
| #endif
| 
| #ifndef YY_TYPEDEF_YY_SIZE_T
| #define YY_TYPEDEF_YY_SIZE_T
| typedef size_t yy_size_t;
| #endif
| 
| extern yy_size_t yyleng;
| 
| extern FILE *yyin, *yyout;
| 
| #define EOB_ACT_CONTINUE_SCAN 0
| #define EOB_ACT_END_OF_FILE 1
| #define EOB_ACT_LAST_MATCH 2
| 
|     #define YY_LESS_LINENO(n)
|     
| /* Return all but the first "n" matched characters back to the input stream. */
| #define yyless(n) \
| 	do \
| 		{ \
| 		/* Undo effects of setting up yytext. */ \
|         int yyless_macro_arg = (n); \
|         YY_LESS_LINENO(yyless_macro_arg);\
| 		*yy_cp = (yy_hold_char); \
| 		YY_RESTORE_YY_MORE_OFFSET \
| 		(yy_c_buf_p) = yy_cp = yy_bp + yyless_macro_arg - YY_MORE_ADJ; \
| 		YY_DO_BEFORE_ACTION; /* set up yytext again */ \
| 		} \
| 	while ( 0 )
| 
| #define unput(c) yyunput( c, (yytext_ptr)  )
| 
| #ifndef YY_STRUCT_YY_BUFFER_STATE
| #define YY_STRUCT_YY_BUFFER_STATE
| struct yy_buffer_state
| 	{
| 	FILE *yy_input_file;
| 
| 	char *yy_ch_buf;		/* input buffer */
| 	char *yy_buf_pos;		/* current position in input buffer */
| 
| 	/* Size of input buffer in bytes, not including room for EOB
| 	 * characters.
| 	 */
| 	yy_size_t yy_buf_size;
| 
| 	/* Number of characters read into yy_ch_buf, not including EOB
| 	 * characters.
| 	 */
| 	yy_size_t yy_n_chars;
| 
| 	/* Whether we "own" the buffer - i.e., we know we created it,
| 	 * and can realloc() it to grow it, and should free() it to
| 	 * delete it.
| 	 */
| 	int yy_is_our_buffer;
| 
| 	/* Whether this is an "interactive" input source; if so, and
| 	 * if we're using stdio for input, then we want to use getc()
| 	 * instead of fread(), to make sure we stop fetching input after
| 	 * each newline.
| 	 */
| 	int yy_is_interactive;
| 
| 	/* Whether we're considered to be at the beginning of a line.
| 	 * If so, '^' rules will be active on the next match, otherwise
| 	 * not.
| 	 */
| 	int yy_at_bol;
| 
|     int yy_bs_lineno; /**< The line count. */
|     int yy_bs_column; /**< The column count. */
|     
| 	/* Whether to try to fill the input buffer when we reach the
| 	 * end of it.
| 	 */
| 	int yy_fill_buffer;
| 
| 	int yy_buffer_status;
| 
| #define YY_BUFFER_NEW 0
| #define YY_BUFFER_NORMAL 1
| 	/* When an EOF's been seen but there's still some text to process
| 	 * then we mark the buffer as YY_EOF_PENDING, to indicate that we
| 	 * shouldn't try reading from the input source any more.  We might
| 	 * still have a bunch of tokens to match, though, because of
| 	 * possible backing-up.
| 	 *
| 	 * When we actually see the EOF, we change the status to "new"
| 	 * (via yyrestart()), so that the user can continue scanning by
| 	 * just pointing yyin at a new input file.
| 	 */
| #define YY_BUFFER_EOF_PENDING 2
| 
| 	};
| #endif /* !YY_STRUCT_YY_BUFFER_STATE */
| 
| /* Stack of input buffers. */
| static size_t yy_buffer_stack_top = 0; /**< index of top of stack. */
| static size_t yy_buffer_stack_max = 0; /**< capacity of stack. */
| static YY_BUFFER_STATE * yy_buffer_stack = 0; /**< Stack as an array. */
| 
| /* We provide macros for accessing buffer states in case in the
|  * future we want to put the buffer states in a more general
|  * "scanner state".
|  *
|  * Returns the top of the stack, or NULL.
|  */
| #define YY_CURRENT_BUFFER ( (yy_buffer_stack) \
|                           ? (yy_buffer_stack)[(yy_buffer_stack_top)] \
|                           : NULL)
| 
| /* Same as previous macro, but useful when we know that the buffer stack is not
|  * NULL or when we need an lvalue. For internal use only.
|  */
| #define YY_CURRENT_BUFFER_LVALUE (yy_buffer_stack)[(yy_buffer_stack_top)]
| 
| /* yy_hold_char holds the character lost when yytext is formed. */
| static char yy_hold_char;
| static yy_size_t yy_n_chars;		/* number of characters read into yy_ch_buf */
| yy_size_t yyleng;
| 
| /* Points to current character in buffer. */
| static char *yy_c_buf_p = (char *) 0;
| static int yy_init = 0;		/* whether we need to initialize */
| static int yy_start = 0;	/* start state number */
| 
| /* Flag which is used to allow yywrap()'s to do buffer switches
|  * instead of setting up a fresh yyin.  A bit of a hack ...
|  */
| static int yy_did_buffer_switch_on_eof;
| 
| void yyrestart (FILE *input_file  );
| void yy_switch_to_buffer (YY_BUFFER_STATE new_buffer  );
| YY_BUFFER_STATE yy_create_buffer (FILE *file,int size  );
| void yy_delete_buffer (YY_BUFFER_STATE b  );
| void yy_flush_buffer (YY_BUFFER_STATE b  );
| void yypush_buffer_state (YY_BUFFER_STATE new_buffer  );
| void yypop_buffer_state (void );
| 
| static void yyensure_buffer_stack (void );
| static void yy_load_buffer_state (void );
| static void yy_init_buffer (YY_BUFFER_STATE b,FILE *file  );
| 
| #define YY_FLUSH_BUFFER yy_flush_buffer(YY_CURRENT_BUFFER )
| 
| YY_BUFFER_STATE yy_scan_buffer (char *base,yy_size_t size  );
| YY_BUFFER_STATE yy_scan_string (yyconst char *yy_str  );
| YY_BUFFER_STATE yy_scan_bytes (yyconst char *bytes,yy_size_t len  );
| 
| void *yyalloc (yy_size_t  );
| void *yyrealloc (void *,yy_size_t  );
| void yyfree (void *  );
| 
| #define yy_new_buffer yy_create_buffer
| 
| #define yy_set_interactive(is_interactive) \
| 	{ \
| 	if ( ! YY_CURRENT_BUFFER ){ \
|         yyensure_buffer_stack (); \
| 		YY_CURRENT_BUFFER_LVALUE =    \
|             yy_create_buffer(yyin,YY_BUF_SIZE ); \
| 	} \
| 	YY_CURRENT_BUFFER_LVALUE->yy_is_interactive = is_interactive; \
| 	}
| 
| #define yy_set_bol(at_bol) \
| 	{ \
| 	if ( ! YY_CURRENT_BUFFER ){\
|         yyensure_buffer_stack (); \
| 		YY_CURRENT_BUFFER_LVALUE =    \
|             yy_create_buffer(yyin,YY_BUF_SIZE ); \
| 	} \
| 	YY_CURRENT_BUFFER_LVALUE->yy_at_bol = at_bol; \
| 	}
| 
| #define YY_AT_BOL() (YY_CURRENT_BUFFER_LVALUE->yy_at_bol)
| 
| /* Begin user sect3 */
| 
| typedef unsigned char YY_CHAR;
| 
| FILE *yyin = (FILE *) 0, *yyout = (FILE *) 0;
| 
| typedef int yy_state_type;
| 
| extern int yylineno;
| 
| int yylineno = 1;
| 
| extern char *yytext;
| #define yytext_ptr yytext
| 
| static yy_state_type yy_get_previous_state (void );
| static yy_state_type yy_try_NUL_trans (yy_state_type current_state  );
| static int yy_get_next_buffer (void );
| static void yy_fatal_error (yyconst char msg[]  );
| 
| /* Done after the current pattern has been matched and before the
|  * corresponding action - sets up yytext.
|  */
| #define YY_DO_BEFORE_ACTION \
| 	(yytext_ptr) = yy_bp; \
| 	(yytext_ptr) -= (yy_more_len); \
| 	yyleng = (size_t) (yy_cp - (yytext_ptr)); \
| 	(yy_hold_char) = *yy_cp; \
| 	*yy_cp = '\0'; \
| 	(yy_c_buf_p) = yy_cp;
| 
| #define YY_NUM_RULES 8
| #define YY_END_OF_BUFFER 9
| /* This struct is not used in this scanner,
|    but its presence is necessary. */
| struct yy_trans_info
| 	{
| 	flex_int32_t yy_verify;
| 	flex_int32_t yy_nxt;
| 	};
| static yyconst flex_int16_t yy_acclist[23] =
|     {   0,
|         9,    7,    8,    8,    1,    7,    8,    2,    7,    8,
|         3,    7,    8,    4,    7,    8,    5,    7,    8,    6,
|         7,    8
|     } ;
| 
| static yyconst flex_int16_t yy_accept[14] =
|     {   0,
|         1,    1,    1,    2,    4,    5,    8,   11,   14,   17,
|        20,   23,   23
|     } ;
| 
| static yyconst flex_int32_t yy_ec[256] =
|     {   0,
|         1,    1,    1,    1,    1,    1,    1,    1,    1,    2,
|         1,    1,    1,    1,    1,    1,    1,    1,    1,    1,
|         1,    1,    1,    1,    1,    1,    1,    1,    1,    1,
|         1,    1,    1,    1,    1,    1,    1,    1,    1,    1,
|         1,    1,    1,    1,    1,    1,    1,    1,    1,    1,
|         1,    1,    1,    1,    1,    1,    1,    1,    1,    1,
|         1,    1,    1,    1,    1,    1,    1,    1,    1,    1,
|         1,    1,    1,    1,    1,    1,    1,    1,    1,    1,
|         1,    1,    1,    1,    1,    1,    1,    1,    1,    1,
|         1,    1,    1,    1,    1,    1,    3,    4,    5,    6,
| 
|         7,    8,    1,    1,    1,    1,    1,    1,    1,    1,
|         1,    1,    1,    1,    1,    1,    1,    1,    1,    1,
|         1,    1,    1,    1,    1,    1,    1,    1,    1,    1,
|         1,    1,    1,    1,    1,    1,    1,    1,    1,    1,
|         1,    1,    1,    1,    1,    1,    1,    1,    1,    1,
|         1,    1,    1,    1,    1,    1,    1,    1,    1,    1,
|         1,    1,    1,    1,    1,    1,    1,    1,    1,    1,
|         1,    1,    1,    1,    1,    1,    1,    1,    1,    1,
|         1,    1,    1,    1,    1,    1,    1,    1,    1,    1,
|         1,    1,    1,    1,    1,    1,    1,    1,    1,    1,
| 
|         1,    1,    1,    1,    1,    1,    1,    1,    1,    1,
|         1,    1,    1,    1,    1,    1,    1,    1,    1,    1,
|         1,    1,    1,    1,    1,    1,    1,    1,    1,    1,
|         1,    1,    1,    1,    1,    1,    1,    1,    1,    1,
|         1,    1,    1,    1,    1,    1,    1,    1,    1,    1,
|         1,    1,    1,    1,    1
|     } ;
| 
| static yyconst flex_int32_t yy_meta[9] =
|     {   0,
|         1,    1,    1,    1,    1,    1,    1,    1
|     } ;
| 
| static yyconst flex_int16_t yy_base[13] =
|     {   0,
|         0,    0,    9,   10,   10,   10,   10,   10,   10,   10,
|        10,   10
|     } ;
| 
| static yyconst flex_int16_t yy_def[13] =
|     {   0,
|        12,    1,   12,   12,   12,   12,   12,   12,   12,   12,
|        12,    0
|     } ;
| 
| static yyconst flex_int16_t yy_nxt[19] =
|     {   0,
|         4,    5,    6,    7,    8,    9,   10,   11,   12,    3,
|        12,   12,   12,   12,   12,   12,   12,   12
|     } ;
| 
| static yyconst flex_int16_t yy_chk[19] =
|     {   0,
|         1,    1,    1,    1,    1,    1,    1,    1,    3,   12,
|        12,   12,   12,   12,   12,   12,   12,   12
|     } ;
| 
| extern int yy_flex_debug;
| int yy_flex_debug = 0;
| 
| static yy_state_type *yy_state_buf=0, *yy_state_ptr=0;
| static char *yy_full_match;
| static int yy_lp;
| #define REJECT \
| { \
| *yy_cp = (yy_hold_char); /* undo effects of setting up yytext */ \
| yy_cp = (yy_full_match); /* restore poss. backed-over text */ \
| ++(yy_lp); \
| goto find_rule; \
| }
| 
| static int yy_more_flag = 0;
| static int yy_more_len = 0;
| #define yymore() ((yy_more_flag) = 1)
| #define YY_MORE_ADJ (yy_more_len)
| #define YY_RESTORE_YY_MORE_OFFSET
| char *yytext;
| #line 1 "conftest.l"
| #line 469 "lex.yy.c"
| 
| #define INITIAL 0
| 
| #ifndef YY_NO_UNISTD_H
| /* Special case for "unistd.h", since it is non-ANSI. We include it way
|  * down here because we want the user's section 1 to have been scanned first.
|  * The user has a chance to override it with an option.
|  */
| #include <unistd.h>
| #endif
| 
| #ifndef YY_EXTRA_TYPE
| #define YY_EXTRA_TYPE void *
| #endif
| 
| static int yy_init_globals (void );
| 
| /* Accessor methods to globals.
|    These are made visible to non-reentrant scanners for convenience. */
| 
| int yylex_destroy (void );
| 
| int yyget_debug (void );
| 
| void yyset_debug (int debug_flag  );
| 
| YY_EXTRA_TYPE yyget_extra (void );
| 
| void yyset_extra (YY_EXTRA_TYPE user_defined  );
| 
| FILE *yyget_in (void );
| 
| void yyset_in  (FILE * in_str  );
| 
| FILE *yyget_out (void );
| 
| void yyset_out  (FILE * out_str  );
| 
| yy_size_t yyget_leng (void );
| 
| char *yyget_text (void );
| 
| int yyget_lineno (void );
| 
| void yyset_lineno (int line_number  );
| 
| /* Macros after this point can all be overridden by user definitions in
|  * section 1.
|  */
| 
| #ifndef YY_SKIP_YYWRAP
| #ifdef __cplusplus
| extern "C" int yywrap (void );
| #else
| extern int yywrap (void );
| #endif
| #endif
| 
|     static void yyunput (int c,char *buf_ptr  );
|     
| #ifndef yytext_ptr
| static void yy_flex_strncpy (char *,yyconst char *,int );
| #endif
| 
| #ifdef YY_NEED_STRLEN
| static int yy_flex_strlen (yyconst char * );
| #endif
| 
| #ifndef YY_NO_INPUT
| 
| #ifdef __cplusplus
| static int yyinput (void );
| #else
| static int input (void );
| #endif
| 
| #endif
| 
| /* Amount of stuff to slurp up with each read. */
| #ifndef YY_READ_BUF_SIZE
| #define YY_READ_BUF_SIZE 8192
| #endif
| 
| /* Copy whatever the last rule matched to the standard output. */
| #ifndef ECHO
| /* This used to be an fputs(), but since the string might contain NUL's,
|  * we now use fwrite().
|  */
| #define ECHO do { if (fwrite( yytext, yyleng, 1, yyout )) {} } while (0)
| #endif
| 
| /* Gets input and stuffs it into "buf".  number of characters read, or YY_NULL,
|  * is returned in "result".
|  */
| #ifndef YY_INPUT
| #define YY_INPUT(buf,result,max_size) \
| 	if ( YY_CURRENT_BUFFER_LVALUE->yy_is_interactive ) \
| 		{ \
| 		int c = '*'; \
| 		size_t n; \
| 		for ( n = 0; n < max_size && \
| 			     (c = getc( yyin )) != EOF && c != '\n'; ++n ) \
| 			buf[n] = (char) c; \
| 		if ( c == '\n' ) \
| 			buf[n++] = (char) c; \
| 		if ( c == EOF && ferror( yyin ) ) \
| 			YY_FATAL_ERROR( "input in flex scanner failed" ); \
| 		result = n; \
| 		} \
| 	else \
| 		{ \
| 		errno=0; \
| 		while ( (result = fread(buf, 1, max_size, yyin))==0 && ferror(yyin)) \
| 			{ \
| 			if( errno != EINTR) \
| 				{ \
| 				YY_FATAL_ERROR( "input in flex scanner failed" ); \
| 				break; \
| 				} \
| 			errno=0; \
| 			clearerr(yyin); \
| 			} \
| 		}\
| \
| 
| #endif
| 
| /* No semi-colon after return; correct usage is to write "yyterminate();" -
|  * we don't want an extra ';' after the "return" because that will cause
|  * some compilers to complain about unreachable statements.
|  */
| #ifndef yyterminate
| #define yyterminate() return YY_NULL
| #endif
| 
| /* Number of entries by which start-condition stack grows. */
| #ifndef YY_START_STACK_INCR
| #define YY_START_STACK_INCR 25
| #endif
| 
| /* Report a fatal error. */
| #ifndef YY_FATAL_ERROR
| #define YY_FATAL_ERROR(msg) yy_fatal_error( msg )
| #endif
| 
| /* end tables serialization structures and prototypes */
| 
| /* Default declaration of generated scanner - a define so the user can
|  * easily add parameters.
|  */
| #ifndef YY_DECL
| #define YY_DECL_IS_OURS 1
| 
| extern int yylex (void);
| 
| #define YY_DECL int yylex (void)
| #endif /* !YY_DECL */
| 
| /* Code executed at the beginning of each rule, after yytext and yyleng
|  * have been set up.
|  */
| #ifndef YY_USER_ACTION
| #define YY_USER_ACTION
| #endif
| 
| /* Code executed at the end of each rule. */
| #ifndef YY_BREAK
| #define YY_BREAK break;
| #endif
| 
| #define YY_RULE_SETUP \
| 	YY_USER_ACTION
| 
| /** The main scanner function which does all the work.
|  */
| YY_DECL
| {
| 	register yy_state_type yy_current_state;
| 	register char *yy_cp, *yy_bp;
| 	register int yy_act;
|     
| #line 1 "conftest.l"
| 
| #line 653 "lex.yy.c"
| 
| 	if ( !(yy_init) )
| 		{
| 		(yy_init) = 1;
| 
| #ifdef YY_USER_INIT
| 		YY_USER_INIT;
| #endif
| 
|         /* Create the reject buffer large enough to save one state per allowed character. */
|         if ( ! (yy_state_buf) )
|             (yy_state_buf) = (yy_state_type *)yyalloc(YY_STATE_BUF_SIZE  );
|             if ( ! (yy_state_buf) )
|                 YY_FATAL_ERROR( "out of dynamic memory in yylex()" );
| 
| 		if ( ! (yy_start) )
| 			(yy_start) = 1;	/* first start state */
| 
| 		if ( ! yyin )
| 			yyin = stdin;
| 
| 		if ( ! yyout )
| 			yyout = stdout;
| 
| 		if ( ! YY_CURRENT_BUFFER ) {
| 			yyensure_buffer_stack ();
| 			YY_CURRENT_BUFFER_LVALUE =
| 				yy_create_buffer(yyin,YY_BUF_SIZE );
| 		}
| 
| 		yy_load_buffer_state( );
| 		}
| 
| 	while ( 1 )		/* loops until end-of-file is reached */
| 		{
| 		(yy_more_len) = 0;
| 		if ( (yy_more_flag) )
| 			{
| 			(yy_more_len) = (yy_c_buf_p) - (yytext_ptr);
| 			(yy_more_flag) = 0;
| 			}
| 		yy_cp = (yy_c_buf_p);
| 
| 		/* Support of yytext. */
| 		*yy_cp = (yy_hold_char);
| 
| 		/* yy_bp points to the position in yy_ch_buf of the start of
| 		 * the current run.
| 		 */
| 		yy_bp = yy_cp;
| 
| 		yy_current_state = (yy_start);
| 
| 		(yy_state_ptr) = (yy_state_buf);
| 		*(yy_state_ptr)++ = yy_current_state;
| 
| yy_match:
| 		do
| 			{
| 			register YY_CHAR yy_c = yy_ec[YY_SC_TO_UI(*yy_cp)];
| 			while ( yy_chk[yy_base[yy_current_state] + yy_c] != yy_current_state )
| 				{
| 				yy_current_state = (int) yy_def[yy_current_state];
| 				if ( yy_current_state >= 13 )
| 					yy_c = yy_meta[(unsigned int) yy_c];
| 				}
| 			yy_current_state = yy_nxt[yy_base[yy_current_state] + (unsigned int) yy_c];
| 			*(yy_state_ptr)++ = yy_current_state;
| 			++yy_cp;
| 			}
| 		while ( yy_base[yy_current_state] != 10 );
| 
| yy_find_action:
| 		yy_current_state = *--(yy_state_ptr);
| 		(yy_lp) = yy_accept[yy_current_state];
| find_rule: /* we branch to this label when backing up */
| 		for ( ; ; ) /* until we find what rule we matched */
| 			{
| 			if ( (yy_lp) && (yy_lp) < yy_accept[yy_current_state + 1] )
| 				{
| 				yy_act = yy_acclist[(yy_lp)];
| 					{
| 					(yy_full_match) = yy_cp;
| 					break;
| 					}
| 				}
| 			--yy_cp;
| 			yy_current_state = *--(yy_state_ptr);
| 			(yy_lp) = yy_accept[yy_current_state];
| 			}
| 
| 		YY_DO_BEFORE_ACTION;
| 
| do_action:	/* This label is used only to access EOF actions. */
| 
| 		switch ( yy_act )
| 	{ /* beginning of action switch */
| case 1:
| YY_RULE_SETUP
| #line 2 "conftest.l"
| { ECHO; }
| 	YY_BREAK
| case 2:
| YY_RULE_SETUP
| #line 3 "conftest.l"
| { REJECT; }
| 	YY_BREAK
| case 3:
| YY_RULE_SETUP
| #line 4 "conftest.l"
| { yymore (); }
| 	YY_BREAK
| case 4:
| YY_RULE_SETUP
| #line 5 "conftest.l"
| { yyless (1); }
| 	YY_BREAK
| case 5:
| YY_RULE_SETUP
| #line 6 "conftest.l"
| { /* IRIX 6.5 flex 2.5.4 underquotes its yyless argument.  */
|     yyless ((input () != 0)); }
| 	YY_BREAK
| case 6:
| YY_RULE_SETUP
| #line 8 "conftest.l"
| { unput (yytext[0]); }
| 	YY_BREAK
| case 7:
| YY_RULE_SETUP
| #line 9 "conftest.l"
| { BEGIN INITIAL; }
| 	YY_BREAK
| case 8:
| YY_RULE_SETUP
| #line 10 "conftest.l"
| ECHO;
| 	YY_BREAK
| #line 792 "lex.yy.c"
| 			case YY_STATE_EOF(INITIAL):
| 				yyterminate();
| 
| 	case YY_END_OF_BUFFER:
| 		{
| 		/* Amount of text matched not including the EOB char. */
| 		int yy_amount_of_matched_text = (int) (yy_cp - (yytext_ptr)) - 1;
| 
| 		/* Undo the effects of YY_DO_BEFORE_ACTION. */
| 		*yy_cp = (yy_hold_char);
| 		YY_RESTORE_YY_MORE_OFFSET
| 
| 		if ( YY_CURRENT_BUFFER_LVALUE->yy_buffer_status == YY_BUFFER_NEW )
| 			{
| 			/* We're scanning a new file or input source.  It's
| 			 * possible that this happened because the user
| 			 * just pointed yyin at a new source and called
| 			 * yylex().  If so, then we have to assure
| 			 * consistency between YY_CURRENT_BUFFER and our
| 			 * globals.  Here is the right place to do so, because
| 			 * this is the first action (other than possibly a
| 			 * back-up) that will match for the new input source.
| 			 */
| 			(yy_n_chars) = YY_CURRENT_BUFFER_LVALUE->yy_n_chars;
| 			YY_CURRENT_BUFFER_LVALUE->yy_input_file = yyin;
| 			YY_CURRENT_BUFFER_LVALUE->yy_buffer_status = YY_BUFFER_NORMAL;
| 			}
| 
| 		/* Note that here we test for yy_c_buf_p "<=" to the position
| 		 * of the first EOB in the buffer, since yy_c_buf_p will
| 		 * already have been incremented past the NUL character
| 		 * (since all states make transitions on EOB to the
| 		 * end-of-buffer state).  Contrast this with the test
| 		 * in input().
| 		 */
| 		if ( (yy_c_buf_p) <= &YY_CURRENT_BUFFER_LVALUE->yy_ch_buf[(yy_n_chars)] )
| 			{ /* This was really a NUL. */
| 			yy_state_type yy_next_state;
| 
| 			(yy_c_buf_p) = (yytext_ptr) + yy_amount_of_matched_text;
| 
| 			yy_current_state = yy_get_previous_state(  );
| 
| 			/* Okay, we're now positioned to make the NUL
| 			 * transition.  We couldn't have
| 			 * yy_get_previous_state() go ahead and do it
| 			 * for us because it doesn't know how to deal
| 			 * with the possibility of jamming (and we don't
| 			 * want to build jamming into it because then it
| 			 * will run more slowly).
| 			 */
| 
| 			yy_next_state = yy_try_NUL_trans( yy_current_state );
| 
| 			yy_bp = (yytext_ptr) + YY_MORE_ADJ;
| 
| 			if ( yy_next_state )
| 				{
| 				/* Consume the NUL. */
| 				yy_cp = ++(yy_c_buf_p);
| 				yy_current_state = yy_next_state;
| 				goto yy_match;
| 				}
| 
| 			else
| 				{
| 				yy_cp = (yy_c_buf_p);
| 				goto yy_find_action;
| 				}
| 			}
| 
| 		else switch ( yy_get_next_buffer(  ) )
| 			{
| 			case EOB_ACT_END_OF_FILE:
| 				{
| 				(yy_did_buffer_switch_on_eof) = 0;
| 
| 				if ( yywrap( ) )
| 					{
| 					/* Note: because we've taken care in
| 					 * yy_get_next_buffer() to have set up
| 					 * yytext, we can now set up
| 					 * yy_c_buf_p so that if some total
| 					 * hoser (like flex itself) wants to
| 					 * call the scanner after we return the
| 					 * YY_NULL, it'll still work - another
| 					 * YY_NULL will get returned.
| 					 */
| 					(yy_c_buf_p) = (yytext_ptr) + YY_MORE_ADJ;
| 
| 					yy_act = YY_STATE_EOF(YY_START);
| 					goto do_action;
| 					}
| 
| 				else
| 					{
| 					if ( ! (yy_did_buffer_switch_on_eof) )
| 						YY_NEW_FILE;
| 					}
| 				break;
| 				}
| 
| 			case EOB_ACT_CONTINUE_SCAN:
| 				(yy_c_buf_p) =
| 					(yytext_ptr) + yy_amount_of_matched_text;
| 
| 				yy_current_state = yy_get_previous_state(  );
| 
| 				yy_cp = (yy_c_buf_p);
| 				yy_bp = (yytext_ptr) + YY_MORE_ADJ;
| 				goto yy_match;
| 
| 			case EOB_ACT_LAST_MATCH:
| 				(yy_c_buf_p) =
| 				&YY_CURRENT_BUFFER_LVALUE->yy_ch_buf[(yy_n_chars)];
| 
| 				yy_current_state = yy_get_previous_state(  );
| 
| 				yy_cp = (yy_c_buf_p);
| 				yy_bp = (yytext_ptr) + YY_MORE_ADJ;
| 				goto yy_find_action;
| 			}
| 		break;
| 		}
| 
| 	default:
| 		YY_FATAL_ERROR(
| 			"fatal flex scanner internal error--no action found" );
| 	} /* end of action switch */
| 		} /* end of scanning one token */
| } /* end of yylex */
| 
| /* yy_get_next_buffer - try to read in a new buffer
|  *
|  * Returns a code representing an action:
|  *	EOB_ACT_LAST_MATCH -
|  *	EOB_ACT_CONTINUE_SCAN - continue scanning from current position
|  *	EOB_ACT_END_OF_FILE - end of file
|  */
| static int yy_get_next_buffer (void)
| {
|     	register char *dest = YY_CURRENT_BUFFER_LVALUE->yy_ch_buf;
| 	register char *source = (yytext_ptr);
| 	register int number_to_move, i;
| 	int ret_val;
| 
| 	if ( (yy_c_buf_p) > &YY_CURRENT_BUFFER_LVALUE->yy_ch_buf[(yy_n_chars) + 1] )
| 		YY_FATAL_ERROR(
| 		"fatal flex scanner internal error--end of buffer missed" );
| 
| 	if ( YY_CURRENT_BUFFER_LVALUE->yy_fill_buffer == 0 )
| 		{ /* Don't try to fill the buffer, so this is an EOF. */
| 		if ( (yy_c_buf_p) - (yytext_ptr) - YY_MORE_ADJ == 1 )
| 			{
| 			/* We matched a single character, the EOB, so
| 			 * treat this as a final EOF.
| 			 */
| 			return EOB_ACT_END_OF_FILE;
| 			}
| 
| 		else
| 			{
| 			/* We matched some text prior to the EOB, first
| 			 * process it.
| 			 */
| 			return EOB_ACT_LAST_MATCH;
| 			}
| 		}
| 
| 	/* Try to read more data. */
| 
| 	/* First move last chars to start of buffer. */
| 	number_to_move = (int) ((yy_c_buf_p) - (yytext_ptr)) - 1;
| 
| 	for ( i = 0; i < number_to_move; ++i )
| 		*(dest++) = *(source++);
| 
| 	if ( YY_CURRENT_BUFFER_LVALUE->yy_buffer_status == YY_BUFFER_EOF_PENDING )
| 		/* don't do the read, it's not guaranteed to return an EOF,
| 		 * just force an EOF
| 		 */
| 		YY_CURRENT_BUFFER_LVALUE->yy_n_chars = (yy_n_chars) = 0;
| 
| 	else
| 		{
| 			yy_size_t num_to_read =
| 			YY_CURRENT_BUFFER_LVALUE->yy_buf_size - number_to_move - 1;
| 
| 		while ( num_to_read <= 0 )
| 			{ /* Not enough room in the buffer - grow it. */
| 
| 			YY_FATAL_ERROR(
| "input buffer overflow, can't enlarge buffer because scanner uses REJECT" );
| 
| 			}
| 
| 		if ( num_to_read > YY_READ_BUF_SIZE )
| 			num_to_read = YY_READ_BUF_SIZE;
| 
| 		/* Read in more data. */
| 		YY_INPUT( (&YY_CURRENT_BUFFER_LVALUE->yy_ch_buf[number_to_move]),
| 			(yy_n_chars), num_to_read );
| 
| 		YY_CURRENT_BUFFER_LVALUE->yy_n_chars = (yy_n_chars);
| 		}
| 
| 	if ( (yy_n_chars) == 0 )
| 		{
| 		if ( number_to_move == YY_MORE_ADJ )
| 			{
| 			ret_val = EOB_ACT_END_OF_FILE;
| 			yyrestart(yyin  );
| 			}
| 
| 		else
| 			{
| 			ret_val = EOB_ACT_LAST_MATCH;
| 			YY_CURRENT_BUFFER_LVALUE->yy_buffer_status =
| 				YY_BUFFER_EOF_PENDING;
| 			}
| 		}
| 
| 	else
| 		ret_val = EOB_ACT_CONTINUE_SCAN;
| 
| 	if ((yy_size_t) ((yy_n_chars) + number_to_move) > YY_CURRENT_BUFFER_LVALUE->yy_buf_size) {
| 		/* Extend the array by 50%, plus the number we really need. */
| 		yy_size_t new_size = (yy_n_chars) + number_to_move + ((yy_n_chars) >> 1);
| 		YY_CURRENT_BUFFER_LVALUE->yy_ch_buf = (char *) yyrealloc((void *) YY_CURRENT_BUFFER_LVALUE->yy_ch_buf,new_size  );
| 		if ( ! YY_CURRENT_BUFFER_LVALUE->yy_ch_buf )
| 			YY_FATAL_ERROR( "out of dynamic memory in yy_get_next_buffer()" );
| 	}
| 
| 	(yy_n_chars) += number_to_move;
| 	YY_CURRENT_BUFFER_LVALUE->yy_ch_buf[(yy_n_chars)] = YY_END_OF_BUFFER_CHAR;
| 	YY_CURRENT_BUFFER_LVALUE->yy_ch_buf[(yy_n_chars) + 1] = YY_END_OF_BUFFER_CHAR;
| 
| 	(yytext_ptr) = &YY_CURRENT_BUFFER_LVALUE->yy_ch_buf[0];
| 
| 	return ret_val;
| }
| 
| /* yy_get_previous_state - get the state just before the EOB char was reached */
| 
|     static yy_state_type yy_get_previous_state (void)
| {
| 	register yy_state_type yy_current_state;
| 	register char *yy_cp;
|     
| 	yy_current_state = (yy_start);
| 
| 	(yy_state_ptr) = (yy_state_buf);
| 	*(yy_state_ptr)++ = yy_current_state;
| 
| 	for ( yy_cp = (yytext_ptr) + YY_MORE_ADJ; yy_cp < (yy_c_buf_p); ++yy_cp )
| 		{
| 		register YY_CHAR yy_c = (*yy_cp ? yy_ec[YY_SC_TO_UI(*yy_cp)] : 1);
| 		while ( yy_chk[yy_base[yy_current_state] + yy_c] != yy_current_state )
| 			{
| 			yy_current_state = (int) yy_def[yy_current_state];
| 			if ( yy_current_state >= 13 )
| 				yy_c = yy_meta[(unsigned int) yy_c];
| 			}
| 		yy_current_state = yy_nxt[yy_base[yy_current_state] + (unsigned int) yy_c];
| 		*(yy_state_ptr)++ = yy_current_state;
| 		}
| 
| 	return yy_current_state;
| }
| 
| /* yy_try_NUL_trans - try to make a transition on the NUL character
|  *
|  * synopsis
|  *	next_state = yy_try_NUL_trans( current_state );
|  */
|     static yy_state_type yy_try_NUL_trans  (yy_state_type yy_current_state )
| {
| 	register int yy_is_jam;
|     
| 	register YY_CHAR yy_c = 1;
| 	while ( yy_chk[yy_base[yy_current_state] + yy_c] != yy_current_state )
| 		{
| 		yy_current_state = (int) yy_def[yy_current_state];
| 		if ( yy_current_state >= 13 )
| 			yy_c = yy_meta[(unsigned int) yy_c];
| 		}
| 	yy_current_state = yy_nxt[yy_base[yy_current_state] + (unsigned int) yy_c];
| 	yy_is_jam = (yy_current_state == 12);
| 	if ( ! yy_is_jam )
| 		*(yy_state_ptr)++ = yy_current_state;
| 
| 		return yy_is_jam ? 0 : yy_current_state;
| }
| 
|     static void yyunput (int c, register char * yy_bp )
| {
| 	register char *yy_cp;
|     
|     yy_cp = (yy_c_buf_p);
| 
| 	/* undo effects of setting up yytext */
| 	*yy_cp = (yy_hold_char);
| 
| 	if ( yy_cp < YY_CURRENT_BUFFER_LVALUE->yy_ch_buf + 2 )
| 		{ /* need to shift things up to make room */
| 		/* +2 for EOB chars. */
| 		register yy_size_t number_to_move = (yy_n_chars) + 2;
| 		register char *dest = &YY_CURRENT_BUFFER_LVALUE->yy_ch_buf[
| 					YY_CURRENT_BUFFER_LVALUE->yy_buf_size + 2];
| 		register char *source =
| 				&YY_CURRENT_BUFFER_LVALUE->yy_ch_buf[number_to_move];
| 
| 		while ( source > YY_CURRENT_BUFFER_LVALUE->yy_ch_buf )
| 			*--dest = *--source;
| 
| 		yy_cp += (int) (dest - source);
| 		yy_bp += (int) (dest - source);
| 		YY_CURRENT_BUFFER_LVALUE->yy_n_chars =
| 			(yy_n_chars) = YY_CURRENT_BUFFER_LVALUE->yy_buf_size;
| 
| 		if ( yy_cp < YY_CURRENT_BUFFER_LVALUE->yy_ch_buf + 2 )
| 			YY_FATAL_ERROR( "flex scanner push-back overflow" );
| 		}
| 
| 	*--yy_cp = (char) c;
| 
| 	(yytext_ptr) = yy_bp;
| 	(yy_hold_char) = *yy_cp;
| 	(yy_c_buf_p) = yy_cp;
| }
| 
| #ifndef YY_NO_INPUT
| #ifdef __cplusplus
|     static int yyinput (void)
| #else
|     static int input  (void)
| #endif
| 
| {
| 	int c;
|     
| 	*(yy_c_buf_p) = (yy_hold_char);
| 
| 	if ( *(yy_c_buf_p) == YY_END_OF_BUFFER_CHAR )
| 		{
| 		/* yy_c_buf_p now points to the character we want to return.
| 		 * If this occurs *before* the EOB characters, then it's a
| 		 * valid NUL; if not, then we've hit the end of the buffer.
| 		 */
| 		if ( (yy_c_buf_p) < &YY_CURRENT_BUFFER_LVALUE->yy_ch_buf[(yy_n_chars)] )
| 			/* This was really a NUL. */
| 			*(yy_c_buf_p) = '\0';
| 
| 		else
| 			{ /* need more input */
| 			yy_size_t offset = (yy_c_buf_p) - (yytext_ptr);
| 			++(yy_c_buf_p);
| 
| 			switch ( yy_get_next_buffer(  ) )
| 				{
| 				case EOB_ACT_LAST_MATCH:
| 					/* This happens because yy_g_n_b()
| 					 * sees that we've accumulated a
| 					 * token and flags that we need to
| 					 * try matching the token before
| 					 * proceeding.  But for input(),
| 					 * there's no matching to consider.
| 					 * So convert the EOB_ACT_LAST_MATCH
| 					 * to EOB_ACT_END_OF_FILE.
| 					 */
| 
| 					/* Reset buffer status. */
| 					yyrestart(yyin );
| 
| 					/*FALLTHROUGH*/
| 
| 				case EOB_ACT_END_OF_FILE:
| 					{
| 					if ( yywrap( ) )
| 						return EOF;
| 
| 					if ( ! (yy_did_buffer_switch_on_eof) )
| 						YY_NEW_FILE;
| #ifdef __cplusplus
| 					return yyinput();
| #else
| 					return input();
| #endif
| 					}
| 
| 				case EOB_ACT_CONTINUE_SCAN:
| 					(yy_c_buf_p) = (yytext_ptr) + offset;
| 					break;
| 				}
| 			}
| 		}
| 
| 	c = *(unsigned char *) (yy_c_buf_p);	/* cast for 8-bit char's */
| 	*(yy_c_buf_p) = '\0';	/* preserve yytext */
| 	(yy_hold_char) = *++(yy_c_buf_p);
| 
| 	return c;
| }
| #endif	/* ifndef YY_NO_INPUT */
| 
| /** Immediately switch to a different input stream.
|  * @param input_file A readable stream.
|  * 
|  * @note This function does not reset the start condition to @c INITIAL .
|  */
|     void yyrestart  (FILE * input_file )
| {
|     
| 	if ( ! YY_CURRENT_BUFFER ){
|         yyensure_buffer_stack ();
| 		YY_CURRENT_BUFFER_LVALUE =
|             yy_create_buffer(yyin,YY_BUF_SIZE );
| 	}
| 
| 	yy_init_buffer(YY_CURRENT_BUFFER,input_file );
| 	yy_load_buffer_state( );
| }
| 
| /** Switch to a different input buffer.
|  * @param new_buffer The new input buffer.
|  * 
|  */
|     void yy_switch_to_buffer  (YY_BUFFER_STATE  new_buffer )
| {
|     
| 	/* TODO. We should be able to replace this entire function body
| 	 * with
| 	 *		yypop_buffer_state();
| 	 *		yypush_buffer_state(new_buffer);
|      */
| 	yyensure_buffer_stack ();
| 	if ( YY_CURRENT_BUFFER == new_buffer )
| 		return;
| 
| 	if ( YY_CURRENT_BUFFER )
| 		{
| 		/* Flush out information for old buffer. */
| 		*(yy_c_buf_p) = (yy_hold_char);
| 		YY_CURRENT_BUFFER_LVALUE->yy_buf_pos = (yy_c_buf_p);
| 		YY_CURRENT_BUFFER_LVALUE->yy_n_chars = (yy_n_chars);
| 		}
| 
| 	YY_CURRENT_BUFFER_LVALUE = new_buffer;
| 	yy_load_buffer_state( );
| 
| 	/* We don't actually know whether we did this switch during
| 	 * EOF (yywrap()) processing, but the only time this flag
| 	 * is looked at is after yywrap() is called, so it's safe
| 	 * to go ahead and always set it.
| 	 */
| 	(yy_did_buffer_switch_on_eof) = 1;
| }
| 
| static void yy_load_buffer_state  (void)
| {
|     	(yy_n_chars) = YY_CURRENT_BUFFER_LVALUE->yy_n_chars;
| 	(yytext_ptr) = (yy_c_buf_p) = YY_CURRENT_BUFFER_LVALUE->yy_buf_pos;
| 	yyin = YY_CURRENT_BUFFER_LVALUE->yy_input_file;
| 	(yy_hold_char) = *(yy_c_buf_p);
| }
| 
| /** Allocate and initialize an input buffer state.
|  * @param file A readable stream.
|  * @param size The character buffer size in bytes. When in doubt, use @c YY_BUF_SIZE.
|  * 
|  * @return the allocated buffer state.
|  */
|     YY_BUFFER_STATE yy_create_buffer  (FILE * file, int  size )
| {
| 	YY_BUFFER_STATE b;
|     
| 	b = (YY_BUFFER_STATE) yyalloc(sizeof( struct yy_buffer_state )  );
| 	if ( ! b )
| 		YY_FATAL_ERROR( "out of dynamic memory in yy_create_buffer()" );
| 
| 	b->yy_buf_size = size;
| 
| 	/* yy_ch_buf has to be 2 characters longer than the size given because
| 	 * we need to put in 2 end-of-buffer characters.
| 	 */
| 	b->yy_ch_buf = (char *) yyalloc(b->yy_buf_size + 2  );
| 	if ( ! b->yy_ch_buf )
| 		YY_FATAL_ERROR( "out of dynamic memory in yy_create_buffer()" );
| 
| 	b->yy_is_our_buffer = 1;
| 
| 	yy_init_buffer(b,file );
| 
| 	return b;
| }
| 
| /** Destroy the buffer.
|  * @param b a buffer created with yy_create_buffer()
|  * 
|  */
|     void yy_delete_buffer (YY_BUFFER_STATE  b )
| {
|     
| 	if ( ! b )
| 		return;
| 
| 	if ( b == YY_CURRENT_BUFFER ) /* Not sure if we should pop here. */
| 		YY_CURRENT_BUFFER_LVALUE = (YY_BUFFER_STATE) 0;
| 
| 	if ( b->yy_is_our_buffer )
| 		yyfree((void *) b->yy_ch_buf  );
| 
| 	yyfree((void *) b  );
| }
| 
| /* Initializes or reinitializes a buffer.
|  * This function is sometimes called more than once on the same buffer,
|  * such as during a yyrestart() or at EOF.
|  */
|     static void yy_init_buffer  (YY_BUFFER_STATE  b, FILE * file )
| 
| {
| 	int oerrno = errno;
|     
| 	yy_flush_buffer(b );
| 
| 	b->yy_input_file = file;
| 	b->yy_fill_buffer = 1;
| 
|     /* If b is the current buffer, then yy_init_buffer was _probably_
|      * called from yyrestart() or through yy_get_next_buffer.
|      * In that case, we don't want to reset the lineno or column.
|      */
|     if (b != YY_CURRENT_BUFFER){
|         b->yy_bs_lineno = 1;
|         b->yy_bs_column = 0;
|     }
| 
|         b->yy_is_interactive = file ? (isatty( fileno(file) ) > 0) : 0;
|     
| 	errno = oerrno;
| }
| 
| /** Discard all buffered characters. On the next scan, YY_INPUT will be called.
|  * @param b the buffer state to be flushed, usually @c YY_CURRENT_BUFFER.
|  * 
|  */
|     void yy_flush_buffer (YY_BUFFER_STATE  b )
| {
|     	if ( ! b )
| 		return;
| 
| 	b->yy_n_chars = 0;
| 
| 	/* We always need two end-of-buffer characters.  The first causes
| 	 * a transition to the end-of-buffer state.  The second causes
| 	 * a jam in that state.
| 	 */
| 	b->yy_ch_buf[0] = YY_END_OF_BUFFER_CHAR;
| 	b->yy_ch_buf[1] = YY_END_OF_BUFFER_CHAR;
| 
| 	b->yy_buf_pos = &b->yy_ch_buf[0];
| 
| 	b->yy_at_bol = 1;
| 	b->yy_buffer_status = YY_BUFFER_NEW;
| 
| 	if ( b == YY_CURRENT_BUFFER )
| 		yy_load_buffer_state( );
| }
| 
| /** Pushes the new state onto the stack. The new state becomes
|  *  the current state. This function will allocate the stack
|  *  if necessary.
|  *  @param new_buffer The new state.
|  *  
|  */
| void yypush_buffer_state (YY_BUFFER_STATE new_buffer )
| {
|     	if (new_buffer == NULL)
| 		return;
| 
| 	yyensure_buffer_stack();
| 
| 	/* This block is copied from yy_switch_to_buffer. */
| 	if ( YY_CURRENT_BUFFER )
| 		{
| 		/* Flush out information for old buffer. */
| 		*(yy_c_buf_p) = (yy_hold_char);
| 		YY_CURRENT_BUFFER_LVALUE->yy_buf_pos = (yy_c_buf_p);
| 		YY_CURRENT_BUFFER_LVALUE->yy_n_chars = (yy_n_chars);
| 		}
| 
| 	/* Only push if top exists. Otherwise, replace top. */
| 	if (YY_CURRENT_BUFFER)
| 		(yy_buffer_stack_top)++;
| 	YY_CURRENT_BUFFER_LVALUE = new_buffer;
| 
| 	/* copied from yy_switch_to_buffer. */
| 	yy_load_buffer_state( );
| 	(yy_did_buffer_switch_on_eof) = 1;
| }
| 
| /** Removes and deletes the top of the stack, if present.
|  *  The next element becomes the new top.
|  *  
|  */
| void yypop_buffer_state (void)
| {
|     	if (!YY_CURRENT_BUFFER)
| 		return;
| 
| 	yy_delete_buffer(YY_CURRENT_BUFFER );
| 	YY_CURRENT_BUFFER_LVALUE = NULL;
| 	if ((yy_buffer_stack_top) > 0)
| 		--(yy_buffer_stack_top);
| 
| 	if (YY_CURRENT_BUFFER) {
| 		yy_load_buffer_state( );
| 		(yy_did_buffer_switch_on_eof) = 1;
| 	}
| }
| 
| /* Allocates the stack if it does not exist.
|  *  Guarantees space for at least one push.
|  */
| static void yyensure_buffer_stack (void)
| {
| 	yy_size_t num_to_alloc;
|     
| 	if (!(yy_buffer_stack)) {
| 
| 		/* First allocation is just for 2 elements, since we don't know if this
| 		 * scanner will even need a stack. We use 2 instead of 1 to avoid an
| 		 * immediate realloc on the next call.
|          */
| 		num_to_alloc = 1;
| 		(yy_buffer_stack) = (struct yy_buffer_state**)yyalloc
| 								(num_to_alloc * sizeof(struct yy_buffer_state*)
| 								);
| 		if ( ! (yy_buffer_stack) )
| 			YY_FATAL_ERROR( "out of dynamic memory in yyensure_buffer_stack()" );
| 								  
| 		memset((yy_buffer_stack), 0, num_to_alloc * sizeof(struct yy_buffer_state*));
| 				
| 		(yy_buffer_stack_max) = num_to_alloc;
| 		(yy_buffer_stack_top) = 0;
| 		return;
| 	}
| 
| 	if ((yy_buffer_stack_top) >= ((yy_buffer_stack_max)) - 1){
| 
| 		/* Increase the buffer to prepare for a possible push. */
| 		int grow_size = 8 /* arbitrary grow size */;
| 
| 		num_to_alloc = (yy_buffer_stack_max) + grow_size;
| 		(yy_buffer_stack) = (struct yy_buffer_state**)yyrealloc
| 								((yy_buffer_stack),
| 								num_to_alloc * sizeof(struct yy_buffer_state*)
| 								);
| 		if ( ! (yy_buffer_stack) )
| 			YY_FATAL_ERROR( "out of dynamic memory in yyensure_buffer_stack()" );
| 
| 		/* zero only the new slots.*/
| 		memset((yy_buffer_stack) + (yy_buffer_stack_max), 0, grow_size * sizeof(struct yy_buffer_state*));
| 		(yy_buffer_stack_max) = num_to_alloc;
| 	}
| }
| 
| /** Setup the input buffer state to scan directly from a user-specified character buffer.
|  * @param base the character buffer
|  * @param size the size in bytes of the character buffer
|  * 
|  * @return the newly allocated buffer state object. 
|  */
| YY_BUFFER_STATE yy_scan_buffer  (char * base, yy_size_t  size )
| {
| 	YY_BUFFER_STATE b;
|     
| 	if ( size < 2 ||
| 	     base[size-2] != YY_END_OF_BUFFER_CHAR ||
| 	     base[size-1] != YY_END_OF_BUFFER_CHAR )
| 		/* They forgot to leave room for the EOB's. */
| 		return 0;
| 
| 	b = (YY_BUFFER_STATE) yyalloc(sizeof( struct yy_buffer_state )  );
| 	if ( ! b )
| 		YY_FATAL_ERROR( "out of dynamic memory in yy_scan_buffer()" );
| 
| 	b->yy_buf_size = size - 2;	/* "- 2" to take care of EOB's */
| 	b->yy_buf_pos = b->yy_ch_buf = base;
| 	b->yy_is_our_buffer = 0;
| 	b->yy_input_file = 0;
| 	b->yy_n_chars = b->yy_buf_size;
| 	b->yy_is_interactive = 0;
| 	b->yy_at_bol = 1;
| 	b->yy_fill_buffer = 0;
| 	b->yy_buffer_status = YY_BUFFER_NEW;
| 
| 	yy_switch_to_buffer(b  );
| 
| 	return b;
| }
| 
| /** Setup the input buffer state to scan a string. The next call to yylex() will
|  * scan from a @e copy of @a str.
|  * @param yystr a NUL-terminated string to scan
|  * 
|  * @return the newly allocated buffer state object.
|  * @note If you want to scan bytes that may contain NUL values, then use
|  *       yy_scan_bytes() instead.
|  */
| YY_BUFFER_STATE yy_scan_string (yyconst char * yystr )
| {
|     
| 	return yy_scan_bytes(yystr,strlen(yystr) );
| }
| 
| /** Setup the input buffer state to scan the given bytes. The next call to yylex() will
|  * scan from a @e copy of @a bytes.
|  * @param yybytes the byte buffer to scan
|  * @param _yybytes_len the number of bytes in the buffer pointed to by @a bytes.
|  * 
|  * @return the newly allocated buffer state object.
|  */
| YY_BUFFER_STATE yy_scan_bytes  (yyconst char * yybytes, yy_size_t  _yybytes_len )
| {
| 	YY_BUFFER_STATE b;
| 	char *buf;
| 	yy_size_t n;
| 	yy_size_t i;
|     
| 	/* Get memory for full buffer, including space for trailing EOB's. */
| 	n = _yybytes_len + 2;
| 	buf = (char *) yyalloc(n  );
| 	if ( ! buf )
| 		YY_FATAL_ERROR( "out of dynamic memory in yy_scan_bytes()" );
| 
| 	for ( i = 0; i < _yybytes_len; ++i )
| 		buf[i] = yybytes[i];
| 
| 	buf[_yybytes_len] = buf[_yybytes_len+1] = YY_END_OF_BUFFER_CHAR;
| 
| 	b = yy_scan_buffer(buf,n );
| 	if ( ! b )
| 		YY_FATAL_ERROR( "bad buffer in yy_scan_bytes()" );
| 
| 	/* It's okay to grow etc. this buffer, and we should throw it
| 	 * away when we're done.
| 	 */
| 	b->yy_is_our_buffer = 1;
| 
| 	return b;
| }
| 
| #ifndef YY_EXIT_FAILURE
| #define YY_EXIT_FAILURE 2
| #endif
| 
| static void yy_fatal_error (yyconst char* msg )
| {
|     	(void) fprintf( stderr, "%s\n", msg );
| 	exit( YY_EXIT_FAILURE );
| }
| 
| /* Redefine yyless() so it works in section 3 code. */
| 
| #undef yyless
| #define yyless(n) \
| 	do \
| 		{ \
| 		/* Undo effects of setting up yytext. */ \
|         int yyless_macro_arg = (n); \
|         YY_LESS_LINENO(yyless_macro_arg);\
| 		yytext[yyleng] = (yy_hold_char); \
| 		(yy_c_buf_p) = yytext + yyless_macro_arg; \
| 		(yy_hold_char) = *(yy_c_buf_p); \
| 		*(yy_c_buf_p) = '\0'; \
| 		yyleng = yyless_macro_arg; \
| 		} \
| 	while ( 0 )
| 
| /* Accessor  methods (get/set functions) to struct members. */
| 
| /** Get the current line number.
|  * 
|  */
| int yyget_lineno  (void)
| {
|         
|     return yylineno;
| }
| 
| /** Get the input stream.
|  * 
|  */
| FILE *yyget_in  (void)
| {
|         return yyin;
| }
| 
| /** Get the output stream.
|  * 
|  */
| FILE *yyget_out  (void)
| {
|         return yyout;
| }
| 
| /** Get the length of the current token.
|  * 
|  */
| yy_size_t yyget_leng  (void)
| {
|         return yyleng;
| }
| 
| /** Get the current token.
|  * 
|  */
| 
| char *yyget_text  (void)
| {
|         return yytext;
| }
| 
| /** Set the current line number.
|  * @param line_number
|  * 
|  */
| void yyset_lineno (int  line_number )
| {
|     
|     yylineno = line_number;
| }
| 
| /** Set the input stream. This does not discard the current
|  * input buffer.
|  * @param in_str A readable stream.
|  * 
|  * @see yy_switch_to_buffer
|  */
| void yyset_in (FILE *  in_str )
| {
|         yyin = in_str ;
| }
| 
| void yyset_out (FILE *  out_str )
| {
|         yyout = out_str ;
| }
| 
| int yyget_debug  (void)
| {
|         return yy_flex_debug;
| }
| 
| void yyset_debug (int  bdebug )
| {
|         yy_flex_debug = bdebug ;
| }
| 
| static int yy_init_globals (void)
| {
|         /* Initialization is the same as for the non-reentrant scanner.
|      * This function is called from yylex_destroy(), so don't allocate here.
|      */
| 
|     (yy_buffer_stack) = 0;
|     (yy_buffer_stack_top) = 0;
|     (yy_buffer_stack_max) = 0;
|     (yy_c_buf_p) = (char *) 0;
|     (yy_init) = 0;
|     (yy_start) = 0;
| 
|     (yy_state_buf) = 0;
|     (yy_state_ptr) = 0;
|     (yy_full_match) = 0;
|     (yy_lp) = 0;
| 
| /* Defined in main.c */
| #ifdef YY_STDINIT
|     yyin = stdin;
|     yyout = stdout;
| #else
|     yyin = (FILE *) 0;
|     yyout = (FILE *) 0;
| #endif
| 
|     /* For future reference: Set errno on error, since we are called by
|      * yylex_init()
|      */
|     return 0;
| }
| 
| /* yylex_destroy is for both reentrant and non-reentrant scanners. */
| int yylex_destroy  (void)
| {
|     
|     /* Pop the buffer stack, destroying each element. */
| 	while(YY_CURRENT_BUFFER){
| 		yy_delete_buffer(YY_CURRENT_BUFFER  );
| 		YY_CURRENT_BUFFER_LVALUE = NULL;
| 		yypop_buffer_state();
| 	}
| 
| 	/* Destroy the stack itself. */
| 	yyfree((yy_buffer_stack) );
| 	(yy_buffer_stack) = NULL;
| 
|     yyfree ( (yy_state_buf) );
|     (yy_state_buf)  = NULL;
| 
|     /* Reset the globals. This is important in a non-reentrant scanner so the next time
|      * yylex() is called, initialization will occur. */
|     yy_init_globals( );
| 
|     return 0;
| }
| 
| /*
|  * Internal utility routines.
|  */
| 
| #ifndef yytext_ptr
| static void yy_flex_strncpy (char* s1, yyconst char * s2, int n )
| {
| 	register int i;
| 	for ( i = 0; i < n; ++i )
| 		s1[i] = s2[i];
| }
| #endif
| 
| #ifdef YY_NEED_STRLEN
| static int yy_flex_strlen (yyconst char * s )
| {
| 	register int n;
| 	for ( n = 0; s[n]; ++n )
| 		;
| 
| 	return n;
| }
| #endif
| 
| void *yyalloc (yy_size_t  size )
| {
| 	return (void *) malloc( size );
| }
| 
| void *yyrealloc  (void * ptr, yy_size_t  size )
| {
| 	/* The cast to (char *) in the following accommodates both
| 	 * implementations that use char* generic pointers, and those
| 	 * that use void* generic pointers.  It works with the latter
| 	 * because both ANSI C and C++ allow castless assignment from
| 	 * any pointer type to void*, and deal with argument conversions
| 	 * as though doing an assignment.
| 	 */
| 	return (void *) realloc( (char *) ptr, size );
| }
| 
| void yyfree (void * ptr )
| {
| 	free( (char *) ptr );	/* see yyrealloc() for (char *) cast */
| }
| 
| #define YYTABLES_NAME "yytables"
| 
| #line 10 "conftest.l"
| 
| 
| #ifdef YYTEXT_POINTER
| extern char *yytext;
| #endif
| int
| main (void)
| {
|   return ! yylex () + ! yywrap ();
| }
configure:13316: gcc -o conftest -std=gnu11 -g -O2 -fno-math-errno -fno-signed-zeros -I/usr/local/gmp/include -I/usr/local/proj/includ -L/usr/local/gmp/lib  -L/usr/local/proj/lib64 -lm conftest.c -ll -lgmp >&5
/opt/rh/devtoolset-11/root/usr/libexec/gcc/x86_64-redhat-linux/11/ld: cannot find -ll
collect2: error: ld returned 1 exit status
configure:13316: $? = 1
configure: failed program was:
| /* confdefs.h */
| #define PACKAGE_NAME "postgis"
| #define PACKAGE_TARNAME "postgis"
| #define PACKAGE_VERSION "3.7 "
| #define PACKAGE_STRING "postgis 3.7 "
| #define PACKAGE_BUGREPORT ""
| #define PACKAGE_URL ""
| #define STDC_HEADERS 1
| #define HAVE_SYS_TYPES_H 1
| #define HAVE_SYS_STAT_H 1
| #define HAVE_STDLIB_H 1
| #define HAVE_STRING_H 1
| #define HAVE_MEMORY_H 1
| #define HAVE_STRINGS_H 1
| #define HAVE_INTTYPES_H 1
| #define HAVE_STDINT_H 1
| #define HAVE_UNISTD_H 1
| #define HAVE_DLFCN_H 1
| #define LT_OBJDIR ".libs/"
| #define POSTGIS_MAJOR_VERSION "3"
| #define POSTGIS_MINOR_VERSION "7"
| #define POSTGIS_MICRO_VERSION "0dev"
| /* end confdefs.h.  */
| 
| #line 3 "lex.yy.c"
| 
| #define  YY_INT_ALIGNED short int
| 
| /* A lexical scanner generated by flex */
| 
| #define FLEX_SCANNER
| #define YY_FLEX_MAJOR_VERSION 2
| #define YY_FLEX_MINOR_VERSION 5
| #define YY_FLEX_SUBMINOR_VERSION 37
| #if YY_FLEX_SUBMINOR_VERSION > 0
| #define FLEX_BETA
| #endif
| 
| /* First, we deal with  platform-specific or compiler-specific issues. */
| 
| /* begin standard C headers. */
| #include <stdio.h>
| #include <string.h>
| #include <errno.h>
| #include <stdlib.h>
| 
| /* end standard C headers. */
| 
| /* flex integer type definitions */
| 
| #ifndef FLEXINT_H
| #define FLEXINT_H
| 
| /* C99 systems have <inttypes.h>. Non-C99 systems may or may not. */
| 
| #if defined (__STDC_VERSION__) && __STDC_VERSION__ >= 199901L
| 
| /* C99 says to define __STDC_LIMIT_MACROS before including stdint.h,
|  * if you want the limit (max/min) macros for int types. 
|  */
| #ifndef __STDC_LIMIT_MACROS
| #define __STDC_LIMIT_MACROS 1
| #endif
| 
| #include <inttypes.h>
| typedef int8_t flex_int8_t;
| typedef uint8_t flex_uint8_t;
| typedef int16_t flex_int16_t;
| typedef uint16_t flex_uint16_t;
| typedef int32_t flex_int32_t;
| typedef uint32_t flex_uint32_t;
| #else
| typedef signed char flex_int8_t;
| typedef short int flex_int16_t;
| typedef int flex_int32_t;
| typedef unsigned char flex_uint8_t; 
| typedef unsigned short int flex_uint16_t;
| typedef unsigned int flex_uint32_t;
| 
| /* Limits of integral types. */
| #ifndef INT8_MIN
| #define INT8_MIN               (-128)
| #endif
| #ifndef INT16_MIN
| #define INT16_MIN              (-32767-1)
| #endif
| #ifndef INT32_MIN
| #define INT32_MIN              (-2147483647-1)
| #endif
| #ifndef INT8_MAX
| #define INT8_MAX               (127)
| #endif
| #ifndef INT16_MAX
| #define INT16_MAX              (32767)
| #endif
| #ifndef INT32_MAX
| #define INT32_MAX              (2147483647)
| #endif
| #ifndef UINT8_MAX
| #define UINT8_MAX              (255U)
| #endif
| #ifndef UINT16_MAX
| #define UINT16_MAX             (65535U)
| #endif
| #ifndef UINT32_MAX
| #define UINT32_MAX             (4294967295U)
| #endif
| 
| #endif /* ! C99 */
| 
| #endif /* ! FLEXINT_H */
| 
| #ifdef __cplusplus
| 
| /* The "const" storage-class-modifier is valid. */
| #define YY_USE_CONST
| 
| #else	/* ! __cplusplus */
| 
| /* C99 requires __STDC__ to be defined as 1. */
| #if defined (__STDC__)
| 
| #define YY_USE_CONST
| 
| #endif	/* defined (__STDC__) */
| #endif	/* ! __cplusplus */
| 
| #ifdef YY_USE_CONST
| #define yyconst const
| #else
| #define yyconst
| #endif
| 
| /* Returned upon end-of-file. */
| #define YY_NULL 0
| 
| /* Promotes a possibly negative, possibly signed char to an unsigned
|  * integer for use as an array index.  If the signed char is negative,
|  * we want to instead treat it as an 8-bit unsigned char, hence the
|  * double cast.
|  */
| #define YY_SC_TO_UI(c) ((unsigned int) (unsigned char) c)
| 
| /* Enter a start condition.  This macro really ought to take a parameter,
|  * but we do it the disgusting crufty way forced on us by the ()-less
|  * definition of BEGIN.
|  */
| #define BEGIN (yy_start) = 1 + 2 *
| 
| /* Translate the current start state into a value that can be later handed
|  * to BEGIN to return to the state.  The YYSTATE alias is for lex
|  * compatibility.
|  */
| #define YY_START (((yy_start) - 1) / 2)
| #define YYSTATE YY_START
| 
| /* Action number for EOF rule of a given start state. */
| #define YY_STATE_EOF(state) (YY_END_OF_BUFFER + state + 1)
| 
| /* Special action meaning "start processing a new file". */
| #define YY_NEW_FILE yyrestart(yyin  )
| 
| #define YY_END_OF_BUFFER_CHAR 0
| 
| /* Size of default input buffer. */
| #ifndef YY_BUF_SIZE
| #define YY_BUF_SIZE 16384
| #endif
| 
| /* The state buf must be large enough to hold one state per character in the main buffer.
|  */
| #define YY_STATE_BUF_SIZE   ((YY_BUF_SIZE + 2) * sizeof(yy_state_type))
| 
| #ifndef YY_TYPEDEF_YY_BUFFER_STATE
| #define YY_TYPEDEF_YY_BUFFER_STATE
| typedef struct yy_buffer_state *YY_BUFFER_STATE;
| #endif
| 
| #ifndef YY_TYPEDEF_YY_SIZE_T
| #define YY_TYPEDEF_YY_SIZE_T
| typedef size_t yy_size_t;
| #endif
| 
| extern yy_size_t yyleng;
| 
| extern FILE *yyin, *yyout;
| 
| #define EOB_ACT_CONTINUE_SCAN 0
| #define EOB_ACT_END_OF_FILE 1
| #define EOB_ACT_LAST_MATCH 2
| 
|     #define YY_LESS_LINENO(n)
|     
| /* Return all but the first "n" matched characters back to the input stream. */
| #define yyless(n) \
| 	do \
| 		{ \
| 		/* Undo effects of setting up yytext. */ \
|         int yyless_macro_arg = (n); \
|         YY_LESS_LINENO(yyless_macro_arg);\
| 		*yy_cp = (yy_hold_char); \
| 		YY_RESTORE_YY_MORE_OFFSET \
| 		(yy_c_buf_p) = yy_cp = yy_bp + yyless_macro_arg - YY_MORE_ADJ; \
| 		YY_DO_BEFORE_ACTION; /* set up yytext again */ \
| 		} \
| 	while ( 0 )
| 
| #define unput(c) yyunput( c, (yytext_ptr)  )
| 
| #ifndef YY_STRUCT_YY_BUFFER_STATE
| #define YY_STRUCT_YY_BUFFER_STATE
| struct yy_buffer_state
| 	{
| 	FILE *yy_input_file;
| 
| 	char *yy_ch_buf;		/* input buffer */
| 	char *yy_buf_pos;		/* current position in input buffer */
| 
| 	/* Size of input buffer in bytes, not including room for EOB
| 	 * characters.
| 	 */
| 	yy_size_t yy_buf_size;
| 
| 	/* Number of characters read into yy_ch_buf, not including EOB
| 	 * characters.
| 	 */
| 	yy_size_t yy_n_chars;
| 
| 	/* Whether we "own" the buffer - i.e., we know we created it,
| 	 * and can realloc() it to grow it, and should free() it to
| 	 * delete it.
| 	 */
| 	int yy_is_our_buffer;
| 
| 	/* Whether this is an "interactive" input source; if so, and
| 	 * if we're using stdio for input, then we want to use getc()
| 	 * instead of fread(), to make sure we stop fetching input after
| 	 * each newline.
| 	 */
| 	int yy_is_interactive;
| 
| 	/* Whether we're considered to be at the beginning of a line.
| 	 * If so, '^' rules will be active on the next match, otherwise
| 	 * not.
| 	 */
| 	int yy_at_bol;
| 
|     int yy_bs_lineno; /**< The line count. */
|     int yy_bs_column; /**< The column count. */
|     
| 	/* Whether to try to fill the input buffer when we reach the
| 	 * end of it.
| 	 */
| 	int yy_fill_buffer;
| 
| 	int yy_buffer_status;
| 
| #define YY_BUFFER_NEW 0
| #define YY_BUFFER_NORMAL 1
| 	/* When an EOF's been seen but there's still some text to process
| 	 * then we mark the buffer as YY_EOF_PENDING, to indicate that we
| 	 * shouldn't try reading from the input source any more.  We might
| 	 * still have a bunch of tokens to match, though, because of
| 	 * possible backing-up.
| 	 *
| 	 * When we actually see the EOF, we change the status to "new"
| 	 * (via yyrestart()), so that the user can continue scanning by
| 	 * just pointing yyin at a new input file.
| 	 */
| #define YY_BUFFER_EOF_PENDING 2
| 
| 	};
| #endif /* !YY_STRUCT_YY_BUFFER_STATE */
| 
| /* Stack of input buffers. */
| static size_t yy_buffer_stack_top = 0; /**< index of top of stack. */
| static size_t yy_buffer_stack_max = 0; /**< capacity of stack. */
| static YY_BUFFER_STATE * yy_buffer_stack = 0; /**< Stack as an array. */
| 
| /* We provide macros for accessing buffer states in case in the
|  * future we want to put the buffer states in a more general
|  * "scanner state".
|  *
|  * Returns the top of the stack, or NULL.
|  */
| #define YY_CURRENT_BUFFER ( (yy_buffer_stack) \
|                           ? (yy_buffer_stack)[(yy_buffer_stack_top)] \
|                           : NULL)
| 
| /* Same as previous macro, but useful when we know that the buffer stack is not
|  * NULL or when we need an lvalue. For internal use only.
|  */
| #define YY_CURRENT_BUFFER_LVALUE (yy_buffer_stack)[(yy_buffer_stack_top)]
| 
| /* yy_hold_char holds the character lost when yytext is formed. */
| static char yy_hold_char;
| static yy_size_t yy_n_chars;		/* number of characters read into yy_ch_buf */
| yy_size_t yyleng;
| 
| /* Points to current character in buffer. */
| static char *yy_c_buf_p = (char *) 0;
| static int yy_init = 0;		/* whether we need to initialize */
| static int yy_start = 0;	/* start state number */
| 
| /* Flag which is used to allow yywrap()'s to do buffer switches
|  * instead of setting up a fresh yyin.  A bit of a hack ...
|  */
| static int yy_did_buffer_switch_on_eof;
| 
| void yyrestart (FILE *input_file  );
| void yy_switch_to_buffer (YY_BUFFER_STATE new_buffer  );
| YY_BUFFER_STATE yy_create_buffer (FILE *file,int size  );
| void yy_delete_buffer (YY_BUFFER_STATE b  );
| void yy_flush_buffer (YY_BUFFER_STATE b  );
| void yypush_buffer_state (YY_BUFFER_STATE new_buffer  );
| void yypop_buffer_state (void );
| 
| static void yyensure_buffer_stack (void );
| static void yy_load_buffer_state (void );
| static void yy_init_buffer (YY_BUFFER_STATE b,FILE *file  );
| 
| #define YY_FLUSH_BUFFER yy_flush_buffer(YY_CURRENT_BUFFER )
| 
| YY_BUFFER_STATE yy_scan_buffer (char *base,yy_size_t size  );
| YY_BUFFER_STATE yy_scan_string (yyconst char *yy_str  );
| YY_BUFFER_STATE yy_scan_bytes (yyconst char *bytes,yy_size_t len  );
| 
| void *yyalloc (yy_size_t  );
| void *yyrealloc (void *,yy_size_t  );
| void yyfree (void *  );
| 
| #define yy_new_buffer yy_create_buffer
| 
| #define yy_set_interactive(is_interactive) \
| 	{ \
| 	if ( ! YY_CURRENT_BUFFER ){ \
|         yyensure_buffer_stack (); \
| 		YY_CURRENT_BUFFER_LVALUE =    \
|             yy_create_buffer(yyin,YY_BUF_SIZE ); \
| 	} \
| 	YY_CURRENT_BUFFER_LVALUE->yy_is_interactive = is_interactive; \
| 	}
| 
| #define yy_set_bol(at_bol) \
| 	{ \
| 	if ( ! YY_CURRENT_BUFFER ){\
|         yyensure_buffer_stack (); \
| 		YY_CURRENT_BUFFER_LVALUE =    \
|             yy_create_buffer(yyin,YY_BUF_SIZE ); \
| 	} \
| 	YY_CURRENT_BUFFER_LVALUE->yy_at_bol = at_bol; \
| 	}
| 
| #define YY_AT_BOL() (YY_CURRENT_BUFFER_LVALUE->yy_at_bol)
| 
| /* Begin user sect3 */
| 
| typedef unsigned char YY_CHAR;
| 
| FILE *yyin = (FILE *) 0, *yyout = (FILE *) 0;
| 
| typedef int yy_state_type;
| 
| extern int yylineno;
| 
| int yylineno = 1;
| 
| extern char *yytext;
| #define yytext_ptr yytext
| 
| static yy_state_type yy_get_previous_state (void );
| static yy_state_type yy_try_NUL_trans (yy_state_type current_state  );
| static int yy_get_next_buffer (void );
| static void yy_fatal_error (yyconst char msg[]  );
| 
| /* Done after the current pattern has been matched and before the
|  * corresponding action - sets up yytext.
|  */
| #define YY_DO_BEFORE_ACTION \
| 	(yytext_ptr) = yy_bp; \
| 	(yytext_ptr) -= (yy_more_len); \
| 	yyleng = (size_t) (yy_cp - (yytext_ptr)); \
| 	(yy_hold_char) = *yy_cp; \
| 	*yy_cp = '\0'; \
| 	(yy_c_buf_p) = yy_cp;
| 
| #define YY_NUM_RULES 8
| #define YY_END_OF_BUFFER 9
| /* This struct is not used in this scanner,
|    but its presence is necessary. */
| struct yy_trans_info
| 	{
| 	flex_int32_t yy_verify;
| 	flex_int32_t yy_nxt;
| 	};
| static yyconst flex_int16_t yy_acclist[23] =
|     {   0,
|         9,    7,    8,    8,    1,    7,    8,    2,    7,    8,
|         3,    7,    8,    4,    7,    8,    5,    7,    8,    6,
|         7,    8
|     } ;
| 
| static yyconst flex_int16_t yy_accept[14] =
|     {   0,
|         1,    1,    1,    2,    4,    5,    8,   11,   14,   17,
|        20,   23,   23
|     } ;
| 
| static yyconst flex_int32_t yy_ec[256] =
|     {   0,
|         1,    1,    1,    1,    1,    1,    1,    1,    1,    2,
|         1,    1,    1,    1,    1,    1,    1,    1,    1,    1,
|         1,    1,    1,    1,    1,    1,    1,    1,    1,    1,
|         1,    1,    1,    1,    1,    1,    1,    1,    1,    1,
|         1,    1,    1,    1,    1,    1,    1,    1,    1,    1,
|         1,    1,    1,    1,    1,    1,    1,    1,    1,    1,
|         1,    1,    1,    1,    1,    1,    1,    1,    1,    1,
|         1,    1,    1,    1,    1,    1,    1,    1,    1,    1,
|         1,    1,    1,    1,    1,    1,    1,    1,    1,    1,
|         1,    1,    1,    1,    1,    1,    3,    4,    5,    6,
| 
|         7,    8,    1,    1,    1,    1,    1,    1,    1,    1,
|         1,    1,    1,    1,    1,    1,    1,    1,    1,    1,
|         1,    1,    1,    1,    1,    1,    1,    1,    1,    1,
|         1,    1,    1,    1,    1,    1,    1,    1,    1,    1,
|         1,    1,    1,    1,    1,    1,    1,    1,    1,    1,
|         1,    1,    1,    1,    1,    1,    1,    1,    1,    1,
|         1,    1,    1,    1,    1,    1,    1,    1,    1,    1,
|         1,    1,    1,    1,    1,    1,    1,    1,    1,    1,
|         1,    1,    1,    1,    1,    1,    1,    1,    1,    1,
|         1,    1,    1,    1,    1,    1,    1,    1,    1,    1,
| 
|         1,    1,    1,    1,    1,    1,    1,    1,    1,    1,
|         1,    1,    1,    1,    1,    1,    1,    1,    1,    1,
|         1,    1,    1,    1,    1,    1,    1,    1,    1,    1,
|         1,    1,    1,    1,    1,    1,    1,    1,    1,    1,
|         1,    1,    1,    1,    1,    1,    1,    1,    1,    1,
|         1,    1,    1,    1,    1
|     } ;
| 
| static yyconst flex_int32_t yy_meta[9] =
|     {   0,
|         1,    1,    1,    1,    1,    1,    1,    1
|     } ;
| 
| static yyconst flex_int16_t yy_base[13] =
|     {   0,
|         0,    0,    9,   10,   10,   10,   10,   10,   10,   10,
|        10,   10
|     } ;
| 
| static yyconst flex_int16_t yy_def[13] =
|     {   0,
|        12,    1,   12,   12,   12,   12,   12,   12,   12,   12,
|        12,    0
|     } ;
| 
| static yyconst flex_int16_t yy_nxt[19] =
|     {   0,
|         4,    5,    6,    7,    8,    9,   10,   11,   12,    3,
|        12,   12,   12,   12,   12,   12,   12,   12
|     } ;
| 
| static yyconst flex_int16_t yy_chk[19] =
|     {   0,
|         1,    1,    1,    1,    1,    1,    1,    1,    3,   12,
|        12,   12,   12,   12,   12,   12,   12,   12
|     } ;
| 
| extern int yy_flex_debug;
| int yy_flex_debug = 0;
| 
| static yy_state_type *yy_state_buf=0, *yy_state_ptr=0;
| static char *yy_full_match;
| static int yy_lp;
| #define REJECT \
| { \
| *yy_cp = (yy_hold_char); /* undo effects of setting up yytext */ \
| yy_cp = (yy_full_match); /* restore poss. backed-over text */ \
| ++(yy_lp); \
| goto find_rule; \
| }
| 
| static int yy_more_flag = 0;
| static int yy_more_len = 0;
| #define yymore() ((yy_more_flag) = 1)
| #define YY_MORE_ADJ (yy_more_len)
| #define YY_RESTORE_YY_MORE_OFFSET
| char *yytext;
| #line 1 "conftest.l"
| #line 469 "lex.yy.c"
| 
| #define INITIAL 0
| 
| #ifndef YY_NO_UNISTD_H
| /* Special case for "unistd.h", since it is non-ANSI. We include it way
|  * down here because we want the user's section 1 to have been scanned first.
|  * The user has a chance to override it with an option.
|  */
| #include <unistd.h>
| #endif
| 
| #ifndef YY_EXTRA_TYPE
| #define YY_EXTRA_TYPE void *
| #endif
| 
| static int yy_init_globals (void );
| 
| /* Accessor methods to globals.
|    These are made visible to non-reentrant scanners for convenience. */
| 
| int yylex_destroy (void );
| 
| int yyget_debug (void );
| 
| void yyset_debug (int debug_flag  );
| 
| YY_EXTRA_TYPE yyget_extra (void );
| 
| void yyset_extra (YY_EXTRA_TYPE user_defined  );
| 
| FILE *yyget_in (void );
| 
| void yyset_in  (FILE * in_str  );
| 
| FILE *yyget_out (void );
| 
| void yyset_out  (FILE * out_str  );
| 
| yy_size_t yyget_leng (void );
| 
| char *yyget_text (void );
| 
| int yyget_lineno (void );
| 
| void yyset_lineno (int line_number  );
| 
| /* Macros after this point can all be overridden by user definitions in
|  * section 1.
|  */
| 
| #ifndef YY_SKIP_YYWRAP
| #ifdef __cplusplus
| extern "C" int yywrap (void );
| #else
| extern int yywrap (void );
| #endif
| #endif
| 
|     static void yyunput (int c,char *buf_ptr  );
|     
| #ifndef yytext_ptr
| static void yy_flex_strncpy (char *,yyconst char *,int );
| #endif
| 
| #ifdef YY_NEED_STRLEN
| static int yy_flex_strlen (yyconst char * );
| #endif
| 
| #ifndef YY_NO_INPUT
| 
| #ifdef __cplusplus
| static int yyinput (void );
| #else
| static int input (void );
| #endif
| 
| #endif
| 
| /* Amount of stuff to slurp up with each read. */
| #ifndef YY_READ_BUF_SIZE
| #define YY_READ_BUF_SIZE 8192
| #endif
| 
| /* Copy whatever the last rule matched to the standard output. */
| #ifndef ECHO
| /* This used to be an fputs(), but since the string might contain NUL's,
|  * we now use fwrite().
|  */
| #define ECHO do { if (fwrite( yytext, yyleng, 1, yyout )) {} } while (0)
| #endif
| 
| /* Gets input and stuffs it into "buf".  number of characters read, or YY_NULL,
|  * is returned in "result".
|  */
| #ifndef YY_INPUT
| #define YY_INPUT(buf,result,max_size) \
| 	if ( YY_CURRENT_BUFFER_LVALUE->yy_is_interactive ) \
| 		{ \
| 		int c = '*'; \
| 		size_t n; \
| 		for ( n = 0; n < max_size && \
| 			     (c = getc( yyin )) != EOF && c != '\n'; ++n ) \
| 			buf[n] = (char) c; \
| 		if ( c == '\n' ) \
| 			buf[n++] = (char) c; \
| 		if ( c == EOF && ferror( yyin ) ) \
| 			YY_FATAL_ERROR( "input in flex scanner failed" ); \
| 		result = n; \
| 		} \
| 	else \
| 		{ \
| 		errno=0; \
| 		while ( (result = fread(buf, 1, max_size, yyin))==0 && ferror(yyin)) \
| 			{ \
| 			if( errno != EINTR) \
| 				{ \
| 				YY_FATAL_ERROR( "input in flex scanner failed" ); \
| 				break; \
| 				} \
| 			errno=0; \
| 			clearerr(yyin); \
| 			} \
| 		}\
| \
| 
| #endif
| 
| /* No semi-colon after return; correct usage is to write "yyterminate();" -
|  * we don't want an extra ';' after the "return" because that will cause
|  * some compilers to complain about unreachable statements.
|  */
| #ifndef yyterminate
| #define yyterminate() return YY_NULL
| #endif
| 
| /* Number of entries by which start-condition stack grows. */
| #ifndef YY_START_STACK_INCR
| #define YY_START_STACK_INCR 25
| #endif
| 
| /* Report a fatal error. */
| #ifndef YY_FATAL_ERROR
| #define YY_FATAL_ERROR(msg) yy_fatal_error( msg )
| #endif
| 
| /* end tables serialization structures and prototypes */
| 
| /* Default declaration of generated scanner - a define so the user can
|  * easily add parameters.
|  */
| #ifndef YY_DECL
| #define YY_DECL_IS_OURS 1
| 
| extern int yylex (void);
| 
| #define YY_DECL int yylex (void)
| #endif /* !YY_DECL */
| 
| /* Code executed at the beginning of each rule, after yytext and yyleng
|  * have been set up.
|  */
| #ifndef YY_USER_ACTION
| #define YY_USER_ACTION
| #endif
| 
| /* Code executed at the end of each rule. */
| #ifndef YY_BREAK
| #define YY_BREAK break;
| #endif
| 
| #define YY_RULE_SETUP \
| 	YY_USER_ACTION
| 
| /** The main scanner function which does all the work.
|  */
| YY_DECL
| {
| 	register yy_state_type yy_current_state;
| 	register char *yy_cp, *yy_bp;
| 	register int yy_act;
|     
| #line 1 "conftest.l"
| 
| #line 653 "lex.yy.c"
| 
| 	if ( !(yy_init) )
| 		{
| 		(yy_init) = 1;
| 
| #ifdef YY_USER_INIT
| 		YY_USER_INIT;
| #endif
| 
|         /* Create the reject buffer large enough to save one state per allowed character. */
|         if ( ! (yy_state_buf) )
|             (yy_state_buf) = (yy_state_type *)yyalloc(YY_STATE_BUF_SIZE  );
|             if ( ! (yy_state_buf) )
|                 YY_FATAL_ERROR( "out of dynamic memory in yylex()" );
| 
| 		if ( ! (yy_start) )
| 			(yy_start) = 1;	/* first start state */
| 
| 		if ( ! yyin )
| 			yyin = stdin;
| 
| 		if ( ! yyout )
| 			yyout = stdout;
| 
| 		if ( ! YY_CURRENT_BUFFER ) {
| 			yyensure_buffer_stack ();
| 			YY_CURRENT_BUFFER_LVALUE =
| 				yy_create_buffer(yyin,YY_BUF_SIZE );
| 		}
| 
| 		yy_load_buffer_state( );
| 		}
| 
| 	while ( 1 )		/* loops until end-of-file is reached */
| 		{
| 		(yy_more_len) = 0;
| 		if ( (yy_more_flag) )
| 			{
| 			(yy_more_len) = (yy_c_buf_p) - (yytext_ptr);
| 			(yy_more_flag) = 0;
| 			}
| 		yy_cp = (yy_c_buf_p);
| 
| 		/* Support of yytext. */
| 		*yy_cp = (yy_hold_char);
| 
| 		/* yy_bp points to the position in yy_ch_buf of the start of
| 		 * the current run.
| 		 */
| 		yy_bp = yy_cp;
| 
| 		yy_current_state = (yy_start);
| 
| 		(yy_state_ptr) = (yy_state_buf);
| 		*(yy_state_ptr)++ = yy_current_state;
| 
| yy_match:
| 		do
| 			{
| 			register YY_CHAR yy_c = yy_ec[YY_SC_TO_UI(*yy_cp)];
| 			while ( yy_chk[yy_base[yy_current_state] + yy_c] != yy_current_state )
| 				{
| 				yy_current_state = (int) yy_def[yy_current_state];
| 				if ( yy_current_state >= 13 )
| 					yy_c = yy_meta[(unsigned int) yy_c];
| 				}
| 			yy_current_state = yy_nxt[yy_base[yy_current_state] + (unsigned int) yy_c];
| 			*(yy_state_ptr)++ = yy_current_state;
| 			++yy_cp;
| 			}
| 		while ( yy_base[yy_current_state] != 10 );
| 
| yy_find_action:
| 		yy_current_state = *--(yy_state_ptr);
| 		(yy_lp) = yy_accept[yy_current_state];
| find_rule: /* we branch to this label when backing up */
| 		for ( ; ; ) /* until we find what rule we matched */
| 			{
| 			if ( (yy_lp) && (yy_lp) < yy_accept[yy_current_state + 1] )
| 				{
| 				yy_act = yy_acclist[(yy_lp)];
| 					{
| 					(yy_full_match) = yy_cp;
| 					break;
| 					}
| 				}
| 			--yy_cp;
| 			yy_current_state = *--(yy_state_ptr);
| 			(yy_lp) = yy_accept[yy_current_state];
| 			}
| 
| 		YY_DO_BEFORE_ACTION;
| 
| do_action:	/* This label is used only to access EOF actions. */
| 
| 		switch ( yy_act )
| 	{ /* beginning of action switch */
| case 1:
| YY_RULE_SETUP
| #line 2 "conftest.l"
| { ECHO; }
| 	YY_BREAK
| case 2:
| YY_RULE_SETUP
| #line 3 "conftest.l"
| { REJECT; }
| 	YY_BREAK
| case 3:
| YY_RULE_SETUP
| #line 4 "conftest.l"
| { yymore (); }
| 	YY_BREAK
| case 4:
| YY_RULE_SETUP
| #line 5 "conftest.l"
| { yyless (1); }
| 	YY_BREAK
| case 5:
| YY_RULE_SETUP
| #line 6 "conftest.l"
| { /* IRIX 6.5 flex 2.5.4 underquotes its yyless argument.  */
|     yyless ((input () != 0)); }
| 	YY_BREAK
| case 6:
| YY_RULE_SETUP
| #line 8 "conftest.l"
| { unput (yytext[0]); }
| 	YY_BREAK
| case 7:
| YY_RULE_SETUP
| #line 9 "conftest.l"
| { BEGIN INITIAL; }
| 	YY_BREAK
| case 8:
| YY_RULE_SETUP
| #line 10 "conftest.l"
| ECHO;
| 	YY_BREAK
| #line 792 "lex.yy.c"
| 			case YY_STATE_EOF(INITIAL):
| 				yyterminate();
| 
| 	case YY_END_OF_BUFFER:
| 		{
| 		/* Amount of text matched not including the EOB char. */
| 		int yy_amount_of_matched_text = (int) (yy_cp - (yytext_ptr)) - 1;
| 
| 		/* Undo the effects of YY_DO_BEFORE_ACTION. */
| 		*yy_cp = (yy_hold_char);
| 		YY_RESTORE_YY_MORE_OFFSET
| 
| 		if ( YY_CURRENT_BUFFER_LVALUE->yy_buffer_status == YY_BUFFER_NEW )
| 			{
| 			/* We're scanning a new file or input source.  It's
| 			 * possible that this happened because the user
| 			 * just pointed yyin at a new source and called
| 			 * yylex().  If so, then we have to assure
| 			 * consistency between YY_CURRENT_BUFFER and our
| 			 * globals.  Here is the right place to do so, because
| 			 * this is the first action (other than possibly a
| 			 * back-up) that will match for the new input source.
| 			 */
| 			(yy_n_chars) = YY_CURRENT_BUFFER_LVALUE->yy_n_chars;
| 			YY_CURRENT_BUFFER_LVALUE->yy_input_file = yyin;
| 			YY_CURRENT_BUFFER_LVALUE->yy_buffer_status = YY_BUFFER_NORMAL;
| 			}
| 
| 		/* Note that here we test for yy_c_buf_p "<=" to the position
| 		 * of the first EOB in the buffer, since yy_c_buf_p will
| 		 * already have been incremented past the NUL character
| 		 * (since all states make transitions on EOB to the
| 		 * end-of-buffer state).  Contrast this with the test
| 		 * in input().
| 		 */
| 		if ( (yy_c_buf_p) <= &YY_CURRENT_BUFFER_LVALUE->yy_ch_buf[(yy_n_chars)] )
| 			{ /* This was really a NUL. */
| 			yy_state_type yy_next_state;
| 
| 			(yy_c_buf_p) = (yytext_ptr) + yy_amount_of_matched_text;
| 
| 			yy_current_state = yy_get_previous_state(  );
| 
| 			/* Okay, we're now positioned to make the NUL
| 			 * transition.  We couldn't have
| 			 * yy_get_previous_state() go ahead and do it
| 			 * for us because it doesn't know how to deal
| 			 * with the possibility of jamming (and we don't
| 			 * want to build jamming into it because then it
| 			 * will run more slowly).
| 			 */
| 
| 			yy_next_state = yy_try_NUL_trans( yy_current_state );
| 
| 			yy_bp = (yytext_ptr) + YY_MORE_ADJ;
| 
| 			if ( yy_next_state )
| 				{
| 				/* Consume the NUL. */
| 				yy_cp = ++(yy_c_buf_p);
| 				yy_current_state = yy_next_state;
| 				goto yy_match;
| 				}
| 
| 			else
| 				{
| 				yy_cp = (yy_c_buf_p);
| 				goto yy_find_action;
| 				}
| 			}
| 
| 		else switch ( yy_get_next_buffer(  ) )
| 			{
| 			case EOB_ACT_END_OF_FILE:
| 				{
| 				(yy_did_buffer_switch_on_eof) = 0;
| 
| 				if ( yywrap( ) )
| 					{
| 					/* Note: because we've taken care in
| 					 * yy_get_next_buffer() to have set up
| 					 * yytext, we can now set up
| 					 * yy_c_buf_p so that if some total
| 					 * hoser (like flex itself) wants to
| 					 * call the scanner after we return the
| 					 * YY_NULL, it'll still work - another
| 					 * YY_NULL will get returned.
| 					 */
| 					(yy_c_buf_p) = (yytext_ptr) + YY_MORE_ADJ;
| 
| 					yy_act = YY_STATE_EOF(YY_START);
| 					goto do_action;
| 					}
| 
| 				else
| 					{
| 					if ( ! (yy_did_buffer_switch_on_eof) )
| 						YY_NEW_FILE;
| 					}
| 				break;
| 				}
| 
| 			case EOB_ACT_CONTINUE_SCAN:
| 				(yy_c_buf_p) =
| 					(yytext_ptr) + yy_amount_of_matched_text;
| 
| 				yy_current_state = yy_get_previous_state(  );
| 
| 				yy_cp = (yy_c_buf_p);
| 				yy_bp = (yytext_ptr) + YY_MORE_ADJ;
| 				goto yy_match;
| 
| 			case EOB_ACT_LAST_MATCH:
| 				(yy_c_buf_p) =
| 				&YY_CURRENT_BUFFER_LVALUE->yy_ch_buf[(yy_n_chars)];
| 
| 				yy_current_state = yy_get_previous_state(  );
| 
| 				yy_cp = (yy_c_buf_p);
| 				yy_bp = (yytext_ptr) + YY_MORE_ADJ;
| 				goto yy_find_action;
| 			}
| 		break;
| 		}
| 
| 	default:
| 		YY_FATAL_ERROR(
| 			"fatal flex scanner internal error--no action found" );
| 	} /* end of action switch */
| 		} /* end of scanning one token */
| } /* end of yylex */
| 
| /* yy_get_next_buffer - try to read in a new buffer
|  *
|  * Returns a code representing an action:
|  *	EOB_ACT_LAST_MATCH -
|  *	EOB_ACT_CONTINUE_SCAN - continue scanning from current position
|  *	EOB_ACT_END_OF_FILE - end of file
|  */
| static int yy_get_next_buffer (void)
| {
|     	register char *dest = YY_CURRENT_BUFFER_LVALUE->yy_ch_buf;
| 	register char *source = (yytext_ptr);
| 	register int number_to_move, i;
| 	int ret_val;
| 
| 	if ( (yy_c_buf_p) > &YY_CURRENT_BUFFER_LVALUE->yy_ch_buf[(yy_n_chars) + 1] )
| 		YY_FATAL_ERROR(
| 		"fatal flex scanner internal error--end of buffer missed" );
| 
| 	if ( YY_CURRENT_BUFFER_LVALUE->yy_fill_buffer == 0 )
| 		{ /* Don't try to fill the buffer, so this is an EOF. */
| 		if ( (yy_c_buf_p) - (yytext_ptr) - YY_MORE_ADJ == 1 )
| 			{
| 			/* We matched a single character, the EOB, so
| 			 * treat this as a final EOF.
| 			 */
| 			return EOB_ACT_END_OF_FILE;
| 			}
| 
| 		else
| 			{
| 			/* We matched some text prior to the EOB, first
| 			 * process it.
| 			 */
| 			return EOB_ACT_LAST_MATCH;
| 			}
| 		}
| 
| 	/* Try to read more data. */
| 
| 	/* First move last chars to start of buffer. */
| 	number_to_move = (int) ((yy_c_buf_p) - (yytext_ptr)) - 1;
| 
| 	for ( i = 0; i < number_to_move; ++i )
| 		*(dest++) = *(source++);
| 
| 	if ( YY_CURRENT_BUFFER_LVALUE->yy_buffer_status == YY_BUFFER_EOF_PENDING )
| 		/* don't do the read, it's not guaranteed to return an EOF,
| 		 * just force an EOF
| 		 */
| 		YY_CURRENT_BUFFER_LVALUE->yy_n_chars = (yy_n_chars) = 0;
| 
| 	else
| 		{
| 			yy_size_t num_to_read =
| 			YY_CURRENT_BUFFER_LVALUE->yy_buf_size - number_to_move - 1;
| 
| 		while ( num_to_read <= 0 )
| 			{ /* Not enough room in the buffer - grow it. */
| 
| 			YY_FATAL_ERROR(
| "input buffer overflow, can't enlarge buffer because scanner uses REJECT" );
| 
| 			}
| 
| 		if ( num_to_read > YY_READ_BUF_SIZE )
| 			num_to_read = YY_READ_BUF_SIZE;
| 
| 		/* Read in more data. */
| 		YY_INPUT( (&YY_CURRENT_BUFFER_LVALUE->yy_ch_buf[number_to_move]),
| 			(yy_n_chars), num_to_read );
| 
| 		YY_CURRENT_BUFFER_LVALUE->yy_n_chars = (yy_n_chars);
| 		}
| 
| 	if ( (yy_n_chars) == 0 )
| 		{
| 		if ( number_to_move == YY_MORE_ADJ )
| 			{
| 			ret_val = EOB_ACT_END_OF_FILE;
| 			yyrestart(yyin  );
| 			}
| 
| 		else
| 			{
| 			ret_val = EOB_ACT_LAST_MATCH;
| 			YY_CURRENT_BUFFER_LVALUE->yy_buffer_status =
| 				YY_BUFFER_EOF_PENDING;
| 			}
| 		}
| 
| 	else
| 		ret_val = EOB_ACT_CONTINUE_SCAN;
| 
| 	if ((yy_size_t) ((yy_n_chars) + number_to_move) > YY_CURRENT_BUFFER_LVALUE->yy_buf_size) {
| 		/* Extend the array by 50%, plus the number we really need. */
| 		yy_size_t new_size = (yy_n_chars) + number_to_move + ((yy_n_chars) >> 1);
| 		YY_CURRENT_BUFFER_LVALUE->yy_ch_buf = (char *) yyrealloc((void *) YY_CURRENT_BUFFER_LVALUE->yy_ch_buf,new_size  );
| 		if ( ! YY_CURRENT_BUFFER_LVALUE->yy_ch_buf )
| 			YY_FATAL_ERROR( "out of dynamic memory in yy_get_next_buffer()" );
| 	}
| 
| 	(yy_n_chars) += number_to_move;
| 	YY_CURRENT_BUFFER_LVALUE->yy_ch_buf[(yy_n_chars)] = YY_END_OF_BUFFER_CHAR;
| 	YY_CURRENT_BUFFER_LVALUE->yy_ch_buf[(yy_n_chars) + 1] = YY_END_OF_BUFFER_CHAR;
| 
| 	(yytext_ptr) = &YY_CURRENT_BUFFER_LVALUE->yy_ch_buf[0];
| 
| 	return ret_val;
| }
| 
| /* yy_get_previous_state - get the state just before the EOB char was reached */
| 
|     static yy_state_type yy_get_previous_state (void)
| {
| 	register yy_state_type yy_current_state;
| 	register char *yy_cp;
|     
| 	yy_current_state = (yy_start);
| 
| 	(yy_state_ptr) = (yy_state_buf);
| 	*(yy_state_ptr)++ = yy_current_state;
| 
| 	for ( yy_cp = (yytext_ptr) + YY_MORE_ADJ; yy_cp < (yy_c_buf_p); ++yy_cp )
| 		{
| 		register YY_CHAR yy_c = (*yy_cp ? yy_ec[YY_SC_TO_UI(*yy_cp)] : 1);
| 		while ( yy_chk[yy_base[yy_current_state] + yy_c] != yy_current_state )
| 			{
| 			yy_current_state = (int) yy_def[yy_current_state];
| 			if ( yy_current_state >= 13 )
| 				yy_c = yy_meta[(unsigned int) yy_c];
| 			}
| 		yy_current_state = yy_nxt[yy_base[yy_current_state] + (unsigned int) yy_c];
| 		*(yy_state_ptr)++ = yy_current_state;
| 		}
| 
| 	return yy_current_state;
| }
| 
| /* yy_try_NUL_trans - try to make a transition on the NUL character
|  *
|  * synopsis
|  *	next_state = yy_try_NUL_trans( current_state );
|  */
|     static yy_state_type yy_try_NUL_trans  (yy_state_type yy_current_state )
| {
| 	register int yy_is_jam;
|     
| 	register YY_CHAR yy_c = 1;
| 	while ( yy_chk[yy_base[yy_current_state] + yy_c] != yy_current_state )
| 		{
| 		yy_current_state = (int) yy_def[yy_current_state];
| 		if ( yy_current_state >= 13 )
| 			yy_c = yy_meta[(unsigned int) yy_c];
| 		}
| 	yy_current_state = yy_nxt[yy_base[yy_current_state] + (unsigned int) yy_c];
| 	yy_is_jam = (yy_current_state == 12);
| 	if ( ! yy_is_jam )
| 		*(yy_state_ptr)++ = yy_current_state;
| 
| 		return yy_is_jam ? 0 : yy_current_state;
| }
| 
|     static void yyunput (int c, register char * yy_bp )
| {
| 	register char *yy_cp;
|     
|     yy_cp = (yy_c_buf_p);
| 
| 	/* undo effects of setting up yytext */
| 	*yy_cp = (yy_hold_char);
| 
| 	if ( yy_cp < YY_CURRENT_BUFFER_LVALUE->yy_ch_buf + 2 )
| 		{ /* need to shift things up to make room */
| 		/* +2 for EOB chars. */
| 		register yy_size_t number_to_move = (yy_n_chars) + 2;
| 		register char *dest = &YY_CURRENT_BUFFER_LVALUE->yy_ch_buf[
| 					YY_CURRENT_BUFFER_LVALUE->yy_buf_size + 2];
| 		register char *source =
| 				&YY_CURRENT_BUFFER_LVALUE->yy_ch_buf[number_to_move];
| 
| 		while ( source > YY_CURRENT_BUFFER_LVALUE->yy_ch_buf )
| 			*--dest = *--source;
| 
| 		yy_cp += (int) (dest - source);
| 		yy_bp += (int) (dest - source);
| 		YY_CURRENT_BUFFER_LVALUE->yy_n_chars =
| 			(yy_n_chars) = YY_CURRENT_BUFFER_LVALUE->yy_buf_size;
| 
| 		if ( yy_cp < YY_CURRENT_BUFFER_LVALUE->yy_ch_buf + 2 )
| 			YY_FATAL_ERROR( "flex scanner push-back overflow" );
| 		}
| 
| 	*--yy_cp = (char) c;
| 
| 	(yytext_ptr) = yy_bp;
| 	(yy_hold_char) = *yy_cp;
| 	(yy_c_buf_p) = yy_cp;
| }
| 
| #ifndef YY_NO_INPUT
| #ifdef __cplusplus
|     static int yyinput (void)
| #else
|     static int input  (void)
| #endif
| 
| {
| 	int c;
|     
| 	*(yy_c_buf_p) = (yy_hold_char);
| 
| 	if ( *(yy_c_buf_p) == YY_END_OF_BUFFER_CHAR )
| 		{
| 		/* yy_c_buf_p now points to the character we want to return.
| 		 * If this occurs *before* the EOB characters, then it's a
| 		 * valid NUL; if not, then we've hit the end of the buffer.
| 		 */
| 		if ( (yy_c_buf_p) < &YY_CURRENT_BUFFER_LVALUE->yy_ch_buf[(yy_n_chars)] )
| 			/* This was really a NUL. */
| 			*(yy_c_buf_p) = '\0';
| 
| 		else
| 			{ /* need more input */
| 			yy_size_t offset = (yy_c_buf_p) - (yytext_ptr);
| 			++(yy_c_buf_p);
| 
| 			switch ( yy_get_next_buffer(  ) )
| 				{
| 				case EOB_ACT_LAST_MATCH:
| 					/* This happens because yy_g_n_b()
| 					 * sees that we've accumulated a
| 					 * token and flags that we need to
| 					 * try matching the token before
| 					 * proceeding.  But for input(),
| 					 * there's no matching to consider.
| 					 * So convert the EOB_ACT_LAST_MATCH
| 					 * to EOB_ACT_END_OF_FILE.
| 					 */
| 
| 					/* Reset buffer status. */
| 					yyrestart(yyin );
| 
| 					/*FALLTHROUGH*/
| 
| 				case EOB_ACT_END_OF_FILE:
| 					{
| 					if ( yywrap( ) )
| 						return EOF;
| 
| 					if ( ! (yy_did_buffer_switch_on_eof) )
| 						YY_NEW_FILE;
| #ifdef __cplusplus
| 					return yyinput();
| #else
| 					return input();
| #endif
| 					}
| 
| 				case EOB_ACT_CONTINUE_SCAN:
| 					(yy_c_buf_p) = (yytext_ptr) + offset;
| 					break;
| 				}
| 			}
| 		}
| 
| 	c = *(unsigned char *) (yy_c_buf_p);	/* cast for 8-bit char's */
| 	*(yy_c_buf_p) = '\0';	/* preserve yytext */
| 	(yy_hold_char) = *++(yy_c_buf_p);
| 
| 	return c;
| }
| #endif	/* ifndef YY_NO_INPUT */
| 
| /** Immediately switch to a different input stream.
|  * @param input_file A readable stream.
|  * 
|  * @note This function does not reset the start condition to @c INITIAL .
|  */
|     void yyrestart  (FILE * input_file )
| {
|     
| 	if ( ! YY_CURRENT_BUFFER ){
|         yyensure_buffer_stack ();
| 		YY_CURRENT_BUFFER_LVALUE =
|             yy_create_buffer(yyin,YY_BUF_SIZE );
| 	}
| 
| 	yy_init_buffer(YY_CURRENT_BUFFER,input_file );
| 	yy_load_buffer_state( );
| }
| 
| /** Switch to a different input buffer.
|  * @param new_buffer The new input buffer.
|  * 
|  */
|     void yy_switch_to_buffer  (YY_BUFFER_STATE  new_buffer )
| {
|     
| 	/* TODO. We should be able to replace this entire function body
| 	 * with
| 	 *		yypop_buffer_state();
| 	 *		yypush_buffer_state(new_buffer);
|      */
| 	yyensure_buffer_stack ();
| 	if ( YY_CURRENT_BUFFER == new_buffer )
| 		return;
| 
| 	if ( YY_CURRENT_BUFFER )
| 		{
| 		/* Flush out information for old buffer. */
| 		*(yy_c_buf_p) = (yy_hold_char);
| 		YY_CURRENT_BUFFER_LVALUE->yy_buf_pos = (yy_c_buf_p);
| 		YY_CURRENT_BUFFER_LVALUE->yy_n_chars = (yy_n_chars);
| 		}
| 
| 	YY_CURRENT_BUFFER_LVALUE = new_buffer;
| 	yy_load_buffer_state( );
| 
| 	/* We don't actually know whether we did this switch during
| 	 * EOF (yywrap()) processing, but the only time this flag
| 	 * is looked at is after yywrap() is called, so it's safe
| 	 * to go ahead and always set it.
| 	 */
| 	(yy_did_buffer_switch_on_eof) = 1;
| }
| 
| static void yy_load_buffer_state  (void)
| {
|     	(yy_n_chars) = YY_CURRENT_BUFFER_LVALUE->yy_n_chars;
| 	(yytext_ptr) = (yy_c_buf_p) = YY_CURRENT_BUFFER_LVALUE->yy_buf_pos;
| 	yyin = YY_CURRENT_BUFFER_LVALUE->yy_input_file;
| 	(yy_hold_char) = *(yy_c_buf_p);
| }
| 
| /** Allocate and initialize an input buffer state.
|  * @param file A readable stream.
|  * @param size The character buffer size in bytes. When in doubt, use @c YY_BUF_SIZE.
|  * 
|  * @return the allocated buffer state.
|  */
|     YY_BUFFER_STATE yy_create_buffer  (FILE * file, int  size )
| {
| 	YY_BUFFER_STATE b;
|     
| 	b = (YY_BUFFER_STATE) yyalloc(sizeof( struct yy_buffer_state )  );
| 	if ( ! b )
| 		YY_FATAL_ERROR( "out of dynamic memory in yy_create_buffer()" );
| 
| 	b->yy_buf_size = size;
| 
| 	/* yy_ch_buf has to be 2 characters longer than the size given because
| 	 * we need to put in 2 end-of-buffer characters.
| 	 */
| 	b->yy_ch_buf = (char *) yyalloc(b->yy_buf_size + 2  );
| 	if ( ! b->yy_ch_buf )
| 		YY_FATAL_ERROR( "out of dynamic memory in yy_create_buffer()" );
| 
| 	b->yy_is_our_buffer = 1;
| 
| 	yy_init_buffer(b,file );
| 
| 	return b;
| }
| 
| /** Destroy the buffer.
|  * @param b a buffer created with yy_create_buffer()
|  * 
|  */
|     void yy_delete_buffer (YY_BUFFER_STATE  b )
| {
|     
| 	if ( ! b )
| 		return;
| 
| 	if ( b == YY_CURRENT_BUFFER ) /* Not sure if we should pop here. */
| 		YY_CURRENT_BUFFER_LVALUE = (YY_BUFFER_STATE) 0;
| 
| 	if ( b->yy_is_our_buffer )
| 		yyfree((void *) b->yy_ch_buf  );
| 
| 	yyfree((void *) b  );
| }
| 
| /* Initializes or reinitializes a buffer.
|  * This function is sometimes called more than once on the same buffer,
|  * such as during a yyrestart() or at EOF.
|  */
|     static void yy_init_buffer  (YY_BUFFER_STATE  b, FILE * file )
| 
| {
| 	int oerrno = errno;
|     
| 	yy_flush_buffer(b );
| 
| 	b->yy_input_file = file;
| 	b->yy_fill_buffer = 1;
| 
|     /* If b is the current buffer, then yy_init_buffer was _probably_
|      * called from yyrestart() or through yy_get_next_buffer.
|      * In that case, we don't want to reset the lineno or column.
|      */
|     if (b != YY_CURRENT_BUFFER){
|         b->yy_bs_lineno = 1;
|         b->yy_bs_column = 0;
|     }
| 
|         b->yy_is_interactive = file ? (isatty( fileno(file) ) > 0) : 0;
|     
| 	errno = oerrno;
| }
| 
| /** Discard all buffered characters. On the next scan, YY_INPUT will be called.
|  * @param b the buffer state to be flushed, usually @c YY_CURRENT_BUFFER.
|  * 
|  */
|     void yy_flush_buffer (YY_BUFFER_STATE  b )
| {
|     	if ( ! b )
| 		return;
| 
| 	b->yy_n_chars = 0;
| 
| 	/* We always need two end-of-buffer characters.  The first causes
| 	 * a transition to the end-of-buffer state.  The second causes
| 	 * a jam in that state.
| 	 */
| 	b->yy_ch_buf[0] = YY_END_OF_BUFFER_CHAR;
| 	b->yy_ch_buf[1] = YY_END_OF_BUFFER_CHAR;
| 
| 	b->yy_buf_pos = &b->yy_ch_buf[0];
| 
| 	b->yy_at_bol = 1;
| 	b->yy_buffer_status = YY_BUFFER_NEW;
| 
| 	if ( b == YY_CURRENT_BUFFER )
| 		yy_load_buffer_state( );
| }
| 
| /** Pushes the new state onto the stack. The new state becomes
|  *  the current state. This function will allocate the stack
|  *  if necessary.
|  *  @param new_buffer The new state.
|  *  
|  */
| void yypush_buffer_state (YY_BUFFER_STATE new_buffer )
| {
|     	if (new_buffer == NULL)
| 		return;
| 
| 	yyensure_buffer_stack();
| 
| 	/* This block is copied from yy_switch_to_buffer. */
| 	if ( YY_CURRENT_BUFFER )
| 		{
| 		/* Flush out information for old buffer. */
| 		*(yy_c_buf_p) = (yy_hold_char);
| 		YY_CURRENT_BUFFER_LVALUE->yy_buf_pos = (yy_c_buf_p);
| 		YY_CURRENT_BUFFER_LVALUE->yy_n_chars = (yy_n_chars);
| 		}
| 
| 	/* Only push if top exists. Otherwise, replace top. */
| 	if (YY_CURRENT_BUFFER)
| 		(yy_buffer_stack_top)++;
| 	YY_CURRENT_BUFFER_LVALUE = new_buffer;
| 
| 	/* copied from yy_switch_to_buffer. */
| 	yy_load_buffer_state( );
| 	(yy_did_buffer_switch_on_eof) = 1;
| }
| 
| /** Removes and deletes the top of the stack, if present.
|  *  The next element becomes the new top.
|  *  
|  */
| void yypop_buffer_state (void)
| {
|     	if (!YY_CURRENT_BUFFER)
| 		return;
| 
| 	yy_delete_buffer(YY_CURRENT_BUFFER );
| 	YY_CURRENT_BUFFER_LVALUE = NULL;
| 	if ((yy_buffer_stack_top) > 0)
| 		--(yy_buffer_stack_top);
| 
| 	if (YY_CURRENT_BUFFER) {
| 		yy_load_buffer_state( );
| 		(yy_did_buffer_switch_on_eof) = 1;
| 	}
| }
| 
| /* Allocates the stack if it does not exist.
|  *  Guarantees space for at least one push.
|  */
| static void yyensure_buffer_stack (void)
| {
| 	yy_size_t num_to_alloc;
|     
| 	if (!(yy_buffer_stack)) {
| 
| 		/* First allocation is just for 2 elements, since we don't know if this
| 		 * scanner will even need a stack. We use 2 instead of 1 to avoid an
| 		 * immediate realloc on the next call.
|          */
| 		num_to_alloc = 1;
| 		(yy_buffer_stack) = (struct yy_buffer_state**)yyalloc
| 								(num_to_alloc * sizeof(struct yy_buffer_state*)
| 								);
| 		if ( ! (yy_buffer_stack) )
| 			YY_FATAL_ERROR( "out of dynamic memory in yyensure_buffer_stack()" );
| 								  
| 		memset((yy_buffer_stack), 0, num_to_alloc * sizeof(struct yy_buffer_state*));
| 				
| 		(yy_buffer_stack_max) = num_to_alloc;
| 		(yy_buffer_stack_top) = 0;
| 		return;
| 	}
| 
| 	if ((yy_buffer_stack_top) >= ((yy_buffer_stack_max)) - 1){
| 
| 		/* Increase the buffer to prepare for a possible push. */
| 		int grow_size = 8 /* arbitrary grow size */;
| 
| 		num_to_alloc = (yy_buffer_stack_max) + grow_size;
| 		(yy_buffer_stack) = (struct yy_buffer_state**)yyrealloc
| 								((yy_buffer_stack),
| 								num_to_alloc * sizeof(struct yy_buffer_state*)
| 								);
| 		if ( ! (yy_buffer_stack) )
| 			YY_FATAL_ERROR( "out of dynamic memory in yyensure_buffer_stack()" );
| 
| 		/* zero only the new slots.*/
| 		memset((yy_buffer_stack) + (yy_buffer_stack_max), 0, grow_size * sizeof(struct yy_buffer_state*));
| 		(yy_buffer_stack_max) = num_to_alloc;
| 	}
| }
| 
| /** Setup the input buffer state to scan directly from a user-specified character buffer.
|  * @param base the character buffer
|  * @param size the size in bytes of the character buffer
|  * 
|  * @return the newly allocated buffer state object. 
|  */
| YY_BUFFER_STATE yy_scan_buffer  (char * base, yy_size_t  size )
| {
| 	YY_BUFFER_STATE b;
|     
| 	if ( size < 2 ||
| 	     base[size-2] != YY_END_OF_BUFFER_CHAR ||
| 	     base[size-1] != YY_END_OF_BUFFER_CHAR )
| 		/* They forgot to leave room for the EOB's. */
| 		return 0;
| 
| 	b = (YY_BUFFER_STATE) yyalloc(sizeof( struct yy_buffer_state )  );
| 	if ( ! b )
| 		YY_FATAL_ERROR( "out of dynamic memory in yy_scan_buffer()" );
| 
| 	b->yy_buf_size = size - 2;	/* "- 2" to take care of EOB's */
| 	b->yy_buf_pos = b->yy_ch_buf = base;
| 	b->yy_is_our_buffer = 0;
| 	b->yy_input_file = 0;
| 	b->yy_n_chars = b->yy_buf_size;
| 	b->yy_is_interactive = 0;
| 	b->yy_at_bol = 1;
| 	b->yy_fill_buffer = 0;
| 	b->yy_buffer_status = YY_BUFFER_NEW;
| 
| 	yy_switch_to_buffer(b  );
| 
| 	return b;
| }
| 
| /** Setup the input buffer state to scan a string. The next call to yylex() will
|  * scan from a @e copy of @a str.
|  * @param yystr a NUL-terminated string to scan
|  * 
|  * @return the newly allocated buffer state object.
|  * @note If you want to scan bytes that may contain NUL values, then use
|  *       yy_scan_bytes() instead.
|  */
| YY_BUFFER_STATE yy_scan_string (yyconst char * yystr )
| {
|     
| 	return yy_scan_bytes(yystr,strlen(yystr) );
| }
| 
| /** Setup the input buffer state to scan the given bytes. The next call to yylex() will
|  * scan from a @e copy of @a bytes.
|  * @param yybytes the byte buffer to scan
|  * @param _yybytes_len the number of bytes in the buffer pointed to by @a bytes.
|  * 
|  * @return the newly allocated buffer state object.
|  */
| YY_BUFFER_STATE yy_scan_bytes  (yyconst char * yybytes, yy_size_t  _yybytes_len )
| {
| 	YY_BUFFER_STATE b;
| 	char *buf;
| 	yy_size_t n;
| 	yy_size_t i;
|     
| 	/* Get memory for full buffer, including space for trailing EOB's. */
| 	n = _yybytes_len + 2;
| 	buf = (char *) yyalloc(n  );
| 	if ( ! buf )
| 		YY_FATAL_ERROR( "out of dynamic memory in yy_scan_bytes()" );
| 
| 	for ( i = 0; i < _yybytes_len; ++i )
| 		buf[i] = yybytes[i];
| 
| 	buf[_yybytes_len] = buf[_yybytes_len+1] = YY_END_OF_BUFFER_CHAR;
| 
| 	b = yy_scan_buffer(buf,n );
| 	if ( ! b )
| 		YY_FATAL_ERROR( "bad buffer in yy_scan_bytes()" );
| 
| 	/* It's okay to grow etc. this buffer, and we should throw it
| 	 * away when we're done.
| 	 */
| 	b->yy_is_our_buffer = 1;
| 
| 	return b;
| }
| 
| #ifndef YY_EXIT_FAILURE
| #define YY_EXIT_FAILURE 2
| #endif
| 
| static void yy_fatal_error (yyconst char* msg )
| {
|     	(void) fprintf( stderr, "%s\n", msg );
| 	exit( YY_EXIT_FAILURE );
| }
| 
| /* Redefine yyless() so it works in section 3 code. */
| 
| #undef yyless
| #define yyless(n) \
| 	do \
| 		{ \
| 		/* Undo effects of setting up yytext. */ \
|         int yyless_macro_arg = (n); \
|         YY_LESS_LINENO(yyless_macro_arg);\
| 		yytext[yyleng] = (yy_hold_char); \
| 		(yy_c_buf_p) = yytext + yyless_macro_arg; \
| 		(yy_hold_char) = *(yy_c_buf_p); \
| 		*(yy_c_buf_p) = '\0'; \
| 		yyleng = yyless_macro_arg; \
| 		} \
| 	while ( 0 )
| 
| /* Accessor  methods (get/set functions) to struct members. */
| 
| /** Get the current line number.
|  * 
|  */
| int yyget_lineno  (void)
| {
|         
|     return yylineno;
| }
| 
| /** Get the input stream.
|  * 
|  */
| FILE *yyget_in  (void)
| {
|         return yyin;
| }
| 
| /** Get the output stream.
|  * 
|  */
| FILE *yyget_out  (void)
| {
|         return yyout;
| }
| 
| /** Get the length of the current token.
|  * 
|  */
| yy_size_t yyget_leng  (void)
| {
|         return yyleng;
| }
| 
| /** Get the current token.
|  * 
|  */
| 
| char *yyget_text  (void)
| {
|         return yytext;
| }
| 
| /** Set the current line number.
|  * @param line_number
|  * 
|  */
| void yyset_lineno (int  line_number )
| {
|     
|     yylineno = line_number;
| }
| 
| /** Set the input stream. This does not discard the current
|  * input buffer.
|  * @param in_str A readable stream.
|  * 
|  * @see yy_switch_to_buffer
|  */
| void yyset_in (FILE *  in_str )
| {
|         yyin = in_str ;
| }
| 
| void yyset_out (FILE *  out_str )
| {
|         yyout = out_str ;
| }
| 
| int yyget_debug  (void)
| {
|         return yy_flex_debug;
| }
| 
| void yyset_debug (int  bdebug )
| {
|         yy_flex_debug = bdebug ;
| }
| 
| static int yy_init_globals (void)
| {
|         /* Initialization is the same as for the non-reentrant scanner.
|      * This function is called from yylex_destroy(), so don't allocate here.
|      */
| 
|     (yy_buffer_stack) = 0;
|     (yy_buffer_stack_top) = 0;
|     (yy_buffer_stack_max) = 0;
|     (yy_c_buf_p) = (char *) 0;
|     (yy_init) = 0;
|     (yy_start) = 0;
| 
|     (yy_state_buf) = 0;
|     (yy_state_ptr) = 0;
|     (yy_full_match) = 0;
|     (yy_lp) = 0;
| 
| /* Defined in main.c */
| #ifdef YY_STDINIT
|     yyin = stdin;
|     yyout = stdout;
| #else
|     yyin = (FILE *) 0;
|     yyout = (FILE *) 0;
| #endif
| 
|     /* For future reference: Set errno on error, since we are called by
|      * yylex_init()
|      */
|     return 0;
| }
| 
| /* yylex_destroy is for both reentrant and non-reentrant scanners. */
| int yylex_destroy  (void)
| {
|     
|     /* Pop the buffer stack, destroying each element. */
| 	while(YY_CURRENT_BUFFER){
| 		yy_delete_buffer(YY_CURRENT_BUFFER  );
| 		YY_CURRENT_BUFFER_LVALUE = NULL;
| 		yypop_buffer_state();
| 	}
| 
| 	/* Destroy the stack itself. */
| 	yyfree((yy_buffer_stack) );
| 	(yy_buffer_stack) = NULL;
| 
|     yyfree ( (yy_state_buf) );
|     (yy_state_buf)  = NULL;
| 
|     /* Reset the globals. This is important in a non-reentrant scanner so the next time
|      * yylex() is called, initialization will occur. */
|     yy_init_globals( );
| 
|     return 0;
| }
| 
| /*
|  * Internal utility routines.
|  */
| 
| #ifndef yytext_ptr
| static void yy_flex_strncpy (char* s1, yyconst char * s2, int n )
| {
| 	register int i;
| 	for ( i = 0; i < n; ++i )
| 		s1[i] = s2[i];
| }
| #endif
| 
| #ifdef YY_NEED_STRLEN
| static int yy_flex_strlen (yyconst char * s )
| {
| 	register int n;
| 	for ( n = 0; s[n]; ++n )
| 		;
| 
| 	return n;
| }
| #endif
| 
| void *yyalloc (yy_size_t  size )
| {
| 	return (void *) malloc( size );
| }
| 
| void *yyrealloc  (void * ptr, yy_size_t  size )
| {
| 	/* The cast to (char *) in the following accommodates both
| 	 * implementations that use char* generic pointers, and those
| 	 * that use void* generic pointers.  It works with the latter
| 	 * because both ANSI C and C++ allow castless assignment from
| 	 * any pointer type to void*, and deal with argument conversions
| 	 * as though doing an assignment.
| 	 */
| 	return (void *) realloc( (char *) ptr, size );
| }
| 
| void yyfree (void * ptr )
| {
| 	free( (char *) ptr );	/* see yyrealloc() for (char *) cast */
| }
| 
| #define YYTABLES_NAME "yytables"
| 
| #line 10 "conftest.l"
| 
| 
| #ifdef YYTEXT_POINTER
| extern char *yytext;
| #endif
| int
| main (void)
| {
|   return ! yylex () + ! yywrap ();
| }
configure:13326: result: none needed
configure:13332: checking whether yytext is a pointer
configure:13349: gcc -o conftest -std=gnu11 -g -O2 -fno-math-errno -fno-signed-zeros -I/usr/local/gmp/include -I/usr/local/proj/includ -L/usr/local/gmp/lib  -L/usr/local/proj/lib64 -lm conftest.c  -lgmp >&5
/opt/rh/devtoolset-11/root/usr/libexec/gcc/x86_64-redhat-linux/11/ld: /tmp/ccZHlKZD.o: in function `input':
/home/wangbin/work/postgis/lex.yy.c:1170: undefined reference to `yywrap'
/opt/rh/devtoolset-11/root/usr/libexec/gcc/x86_64-redhat-linux/11/ld: /tmp/ccZHlKZD.o: in function `yylex':
/home/wangbin/work/postgis/lex.yy.c:869: undefined reference to `yywrap'
/opt/rh/devtoolset-11/root/usr/libexec/gcc/x86_64-redhat-linux/11/ld: /tmp/ccZHlKZD.o: in function `main':
/home/wangbin/work/postgis/conftest.l:18: undefined reference to `yywrap'
collect2: error: ld returned 1 exit status
configure:13349: $? = 1
configure: failed program was:
| /* confdefs.h */
| #define PACKAGE_NAME "postgis"
| #define PACKAGE_TARNAME "postgis"
| #define PACKAGE_VERSION "3.7 "
| #define PACKAGE_STRING "postgis 3.7 "
| #define PACKAGE_BUGREPORT ""
| #define PACKAGE_URL ""
| #define STDC_HEADERS 1
| #define HAVE_SYS_TYPES_H 1
| #define HAVE_SYS_STAT_H 1
| #define HAVE_STDLIB_H 1
| #define HAVE_STRING_H 1
| #define HAVE_MEMORY_H 1
| #define HAVE_STRINGS_H 1
| #define HAVE_INTTYPES_H 1
| #define HAVE_STDINT_H 1
| #define HAVE_UNISTD_H 1
| #define HAVE_DLFCN_H 1
| #define LT_OBJDIR ".libs/"
| #define POSTGIS_MAJOR_VERSION "3"
| #define POSTGIS_MINOR_VERSION "7"
| #define POSTGIS_MICRO_VERSION "0dev"
| /* end confdefs.h.  */
| 
|   #define YYTEXT_POINTER 1
| 
| #line 3 "lex.yy.c"
| 
| #define  YY_INT_ALIGNED short int
| 
| /* A lexical scanner generated by flex */
| 
| #define FLEX_SCANNER
| #define YY_FLEX_MAJOR_VERSION 2
| #define YY_FLEX_MINOR_VERSION 5
| #define YY_FLEX_SUBMINOR_VERSION 37
| #if YY_FLEX_SUBMINOR_VERSION > 0
| #define FLEX_BETA
| #endif
| 
| /* First, we deal with  platform-specific or compiler-specific issues. */
| 
| /* begin standard C headers. */
| #include <stdio.h>
| #include <string.h>
| #include <errno.h>
| #include <stdlib.h>
| 
| /* end standard C headers. */
| 
| /* flex integer type definitions */
| 
| #ifndef FLEXINT_H
| #define FLEXINT_H
| 
| /* C99 systems have <inttypes.h>. Non-C99 systems may or may not. */
| 
| #if defined (__STDC_VERSION__) && __STDC_VERSION__ >= 199901L
| 
| /* C99 says to define __STDC_LIMIT_MACROS before including stdint.h,
|  * if you want the limit (max/min) macros for int types. 
|  */
| #ifndef __STDC_LIMIT_MACROS
| #define __STDC_LIMIT_MACROS 1
| #endif
| 
| #include <inttypes.h>
| typedef int8_t flex_int8_t;
| typedef uint8_t flex_uint8_t;
| typedef int16_t flex_int16_t;
| typedef uint16_t flex_uint16_t;
| typedef int32_t flex_int32_t;
| typedef uint32_t flex_uint32_t;
| #else
| typedef signed char flex_int8_t;
| typedef short int flex_int16_t;
| typedef int flex_int32_t;
| typedef unsigned char flex_uint8_t; 
| typedef unsigned short int flex_uint16_t;
| typedef unsigned int flex_uint32_t;
| 
| /* Limits of integral types. */
| #ifndef INT8_MIN
| #define INT8_MIN               (-128)
| #endif
| #ifndef INT16_MIN
| #define INT16_MIN              (-32767-1)
| #endif
| #ifndef INT32_MIN
| #define INT32_MIN              (-2147483647-1)
| #endif
| #ifndef INT8_MAX
| #define INT8_MAX               (127)
| #endif
| #ifndef INT16_MAX
| #define INT16_MAX              (32767)
| #endif
| #ifndef INT32_MAX
| #define INT32_MAX              (2147483647)
| #endif
| #ifndef UINT8_MAX
| #define UINT8_MAX              (255U)
| #endif
| #ifndef UINT16_MAX
| #define UINT16_MAX             (65535U)
| #endif
| #ifndef UINT32_MAX
| #define UINT32_MAX             (4294967295U)
| #endif
| 
| #endif /* ! C99 */
| 
| #endif /* ! FLEXINT_H */
| 
| #ifdef __cplusplus
| 
| /* The "const" storage-class-modifier is valid. */
| #define YY_USE_CONST
| 
| #else	/* ! __cplusplus */
| 
| /* C99 requires __STDC__ to be defined as 1. */
| #if defined (__STDC__)
| 
| #define YY_USE_CONST
| 
| #endif	/* defined (__STDC__) */
| #endif	/* ! __cplusplus */
| 
| #ifdef YY_USE_CONST
| #define yyconst const
| #else
| #define yyconst
| #endif
| 
| /* Returned upon end-of-file. */
| #define YY_NULL 0
| 
| /* Promotes a possibly negative, possibly signed char to an unsigned
|  * integer for use as an array index.  If the signed char is negative,
|  * we want to instead treat it as an 8-bit unsigned char, hence the
|  * double cast.
|  */
| #define YY_SC_TO_UI(c) ((unsigned int) (unsigned char) c)
| 
| /* Enter a start condition.  This macro really ought to take a parameter,
|  * but we do it the disgusting crufty way forced on us by the ()-less
|  * definition of BEGIN.
|  */
| #define BEGIN (yy_start) = 1 + 2 *
| 
| /* Translate the current start state into a value that can be later handed
|  * to BEGIN to return to the state.  The YYSTATE alias is for lex
|  * compatibility.
|  */
| #define YY_START (((yy_start) - 1) / 2)
| #define YYSTATE YY_START
| 
| /* Action number for EOF rule of a given start state. */
| #define YY_STATE_EOF(state) (YY_END_OF_BUFFER + state + 1)
| 
| /* Special action meaning "start processing a new file". */
| #define YY_NEW_FILE yyrestart(yyin  )
| 
| #define YY_END_OF_BUFFER_CHAR 0
| 
| /* Size of default input buffer. */
| #ifndef YY_BUF_SIZE
| #define YY_BUF_SIZE 16384
| #endif
| 
| /* The state buf must be large enough to hold one state per character in the main buffer.
|  */
| #define YY_STATE_BUF_SIZE   ((YY_BUF_SIZE + 2) * sizeof(yy_state_type))
| 
| #ifndef YY_TYPEDEF_YY_BUFFER_STATE
| #define YY_TYPEDEF_YY_BUFFER_STATE
| typedef struct yy_buffer_state *YY_BUFFER_STATE;
| #endif
| 
| #ifndef YY_TYPEDEF_YY_SIZE_T
| #define YY_TYPEDEF_YY_SIZE_T
| typedef size_t yy_size_t;
| #endif
| 
| extern yy_size_t yyleng;
| 
| extern FILE *yyin, *yyout;
| 
| #define EOB_ACT_CONTINUE_SCAN 0
| #define EOB_ACT_END_OF_FILE 1
| #define EOB_ACT_LAST_MATCH 2
| 
|     #define YY_LESS_LINENO(n)
|     
| /* Return all but the first "n" matched characters back to the input stream. */
| #define yyless(n) \
| 	do \
| 		{ \
| 		/* Undo effects of setting up yytext. */ \
|         int yyless_macro_arg = (n); \
|         YY_LESS_LINENO(yyless_macro_arg);\
| 		*yy_cp = (yy_hold_char); \
| 		YY_RESTORE_YY_MORE_OFFSET \
| 		(yy_c_buf_p) = yy_cp = yy_bp + yyless_macro_arg - YY_MORE_ADJ; \
| 		YY_DO_BEFORE_ACTION; /* set up yytext again */ \
| 		} \
| 	while ( 0 )
| 
| #define unput(c) yyunput( c, (yytext_ptr)  )
| 
| #ifndef YY_STRUCT_YY_BUFFER_STATE
| #define YY_STRUCT_YY_BUFFER_STATE
| struct yy_buffer_state
| 	{
| 	FILE *yy_input_file;
| 
| 	char *yy_ch_buf;		/* input buffer */
| 	char *yy_buf_pos;		/* current position in input buffer */
| 
| 	/* Size of input buffer in bytes, not including room for EOB
| 	 * characters.
| 	 */
| 	yy_size_t yy_buf_size;
| 
| 	/* Number of characters read into yy_ch_buf, not including EOB
| 	 * characters.
| 	 */
| 	yy_size_t yy_n_chars;
| 
| 	/* Whether we "own" the buffer - i.e., we know we created it,
| 	 * and can realloc() it to grow it, and should free() it to
| 	 * delete it.
| 	 */
| 	int yy_is_our_buffer;
| 
| 	/* Whether this is an "interactive" input source; if so, and
| 	 * if we're using stdio for input, then we want to use getc()
| 	 * instead of fread(), to make sure we stop fetching input after
| 	 * each newline.
| 	 */
| 	int yy_is_interactive;
| 
| 	/* Whether we're considered to be at the beginning of a line.
| 	 * If so, '^' rules will be active on the next match, otherwise
| 	 * not.
| 	 */
| 	int yy_at_bol;
| 
|     int yy_bs_lineno; /**< The line count. */
|     int yy_bs_column; /**< The column count. */
|     
| 	/* Whether to try to fill the input buffer when we reach the
| 	 * end of it.
| 	 */
| 	int yy_fill_buffer;
| 
| 	int yy_buffer_status;
| 
| #define YY_BUFFER_NEW 0
| #define YY_BUFFER_NORMAL 1
| 	/* When an EOF's been seen but there's still some text to process
| 	 * then we mark the buffer as YY_EOF_PENDING, to indicate that we
| 	 * shouldn't try reading from the input source any more.  We might
| 	 * still have a bunch of tokens to match, though, because of
| 	 * possible backing-up.
| 	 *
| 	 * When we actually see the EOF, we change the status to "new"
| 	 * (via yyrestart()), so that the user can continue scanning by
| 	 * just pointing yyin at a new input file.
| 	 */
| #define YY_BUFFER_EOF_PENDING 2
| 
| 	};
| #endif /* !YY_STRUCT_YY_BUFFER_STATE */
| 
| /* Stack of input buffers. */
| static size_t yy_buffer_stack_top = 0; /**< index of top of stack. */
| static size_t yy_buffer_stack_max = 0; /**< capacity of stack. */
| static YY_BUFFER_STATE * yy_buffer_stack = 0; /**< Stack as an array. */
| 
| /* We provide macros for accessing buffer states in case in the
|  * future we want to put the buffer states in a more general
|  * "scanner state".
|  *
|  * Returns the top of the stack, or NULL.
|  */
| #define YY_CURRENT_BUFFER ( (yy_buffer_stack) \
|                           ? (yy_buffer_stack)[(yy_buffer_stack_top)] \
|                           : NULL)
| 
| /* Same as previous macro, but useful when we know that the buffer stack is not
|  * NULL or when we need an lvalue. For internal use only.
|  */
| #define YY_CURRENT_BUFFER_LVALUE (yy_buffer_stack)[(yy_buffer_stack_top)]
| 
| /* yy_hold_char holds the character lost when yytext is formed. */
| static char yy_hold_char;
| static yy_size_t yy_n_chars;		/* number of characters read into yy_ch_buf */
| yy_size_t yyleng;
| 
| /* Points to current character in buffer. */
| static char *yy_c_buf_p = (char *) 0;
| static int yy_init = 0;		/* whether we need to initialize */
| static int yy_start = 0;	/* start state number */
| 
| /* Flag which is used to allow yywrap()'s to do buffer switches
|  * instead of setting up a fresh yyin.  A bit of a hack ...
|  */
| static int yy_did_buffer_switch_on_eof;
| 
| void yyrestart (FILE *input_file  );
| void yy_switch_to_buffer (YY_BUFFER_STATE new_buffer  );
| YY_BUFFER_STATE yy_create_buffer (FILE *file,int size  );
| void yy_delete_buffer (YY_BUFFER_STATE b  );
| void yy_flush_buffer (YY_BUFFER_STATE b  );
| void yypush_buffer_state (YY_BUFFER_STATE new_buffer  );
| void yypop_buffer_state (void );
| 
| static void yyensure_buffer_stack (void );
| static void yy_load_buffer_state (void );
| static void yy_init_buffer (YY_BUFFER_STATE b,FILE *file  );
| 
| #define YY_FLUSH_BUFFER yy_flush_buffer(YY_CURRENT_BUFFER )
| 
| YY_BUFFER_STATE yy_scan_buffer (char *base,yy_size_t size  );
| YY_BUFFER_STATE yy_scan_string (yyconst char *yy_str  );
| YY_BUFFER_STATE yy_scan_bytes (yyconst char *bytes,yy_size_t len  );
| 
| void *yyalloc (yy_size_t  );
| void *yyrealloc (void *,yy_size_t  );
| void yyfree (void *  );
| 
| #define yy_new_buffer yy_create_buffer
| 
| #define yy_set_interactive(is_interactive) \
| 	{ \
| 	if ( ! YY_CURRENT_BUFFER ){ \
|         yyensure_buffer_stack (); \
| 		YY_CURRENT_BUFFER_LVALUE =    \
|             yy_create_buffer(yyin,YY_BUF_SIZE ); \
| 	} \
| 	YY_CURRENT_BUFFER_LVALUE->yy_is_interactive = is_interactive; \
| 	}
| 
| #define yy_set_bol(at_bol) \
| 	{ \
| 	if ( ! YY_CURRENT_BUFFER ){\
|         yyensure_buffer_stack (); \
| 		YY_CURRENT_BUFFER_LVALUE =    \
|             yy_create_buffer(yyin,YY_BUF_SIZE ); \
| 	} \
| 	YY_CURRENT_BUFFER_LVALUE->yy_at_bol = at_bol; \
| 	}
| 
| #define YY_AT_BOL() (YY_CURRENT_BUFFER_LVALUE->yy_at_bol)
| 
| /* Begin user sect3 */
| 
| typedef unsigned char YY_CHAR;
| 
| FILE *yyin = (FILE *) 0, *yyout = (FILE *) 0;
| 
| typedef int yy_state_type;
| 
| extern int yylineno;
| 
| int yylineno = 1;
| 
| extern char *yytext;
| #define yytext_ptr yytext
| 
| static yy_state_type yy_get_previous_state (void );
| static yy_state_type yy_try_NUL_trans (yy_state_type current_state  );
| static int yy_get_next_buffer (void );
| static void yy_fatal_error (yyconst char msg[]  );
| 
| /* Done after the current pattern has been matched and before the
|  * corresponding action - sets up yytext.
|  */
| #define YY_DO_BEFORE_ACTION \
| 	(yytext_ptr) = yy_bp; \
| 	(yytext_ptr) -= (yy_more_len); \
| 	yyleng = (size_t) (yy_cp - (yytext_ptr)); \
| 	(yy_hold_char) = *yy_cp; \
| 	*yy_cp = '\0'; \
| 	(yy_c_buf_p) = yy_cp;
| 
| #define YY_NUM_RULES 8
| #define YY_END_OF_BUFFER 9
| /* This struct is not used in this scanner,
|    but its presence is necessary. */
| struct yy_trans_info
| 	{
| 	flex_int32_t yy_verify;
| 	flex_int32_t yy_nxt;
| 	};
| static yyconst flex_int16_t yy_acclist[23] =
|     {   0,
|         9,    7,    8,    8,    1,    7,    8,    2,    7,    8,
|         3,    7,    8,    4,    7,    8,    5,    7,    8,    6,
|         7,    8
|     } ;
| 
| static yyconst flex_int16_t yy_accept[14] =
|     {   0,
|         1,    1,    1,    2,    4,    5,    8,   11,   14,   17,
|        20,   23,   23
|     } ;
| 
| static yyconst flex_int32_t yy_ec[256] =
|     {   0,
|         1,    1,    1,    1,    1,    1,    1,    1,    1,    2,
|         1,    1,    1,    1,    1,    1,    1,    1,    1,    1,
|         1,    1,    1,    1,    1,    1,    1,    1,    1,    1,
|         1,    1,    1,    1,    1,    1,    1,    1,    1,    1,
|         1,    1,    1,    1,    1,    1,    1,    1,    1,    1,
|         1,    1,    1,    1,    1,    1,    1,    1,    1,    1,
|         1,    1,    1,    1,    1,    1,    1,    1,    1,    1,
|         1,    1,    1,    1,    1,    1,    1,    1,    1,    1,
|         1,    1,    1,    1,    1,    1,    1,    1,    1,    1,
|         1,    1,    1,    1,    1,    1,    3,    4,    5,    6,
| 
|         7,    8,    1,    1,    1,    1,    1,    1,    1,    1,
|         1,    1,    1,    1,    1,    1,    1,    1,    1,    1,
|         1,    1,    1,    1,    1,    1,    1,    1,    1,    1,
|         1,    1,    1,    1,    1,    1,    1,    1,    1,    1,
|         1,    1,    1,    1,    1,    1,    1,    1,    1,    1,
|         1,    1,    1,    1,    1,    1,    1,    1,    1,    1,
|         1,    1,    1,    1,    1,    1,    1,    1,    1,    1,
|         1,    1,    1,    1,    1,    1,    1,    1,    1,    1,
|         1,    1,    1,    1,    1,    1,    1,    1,    1,    1,
|         1,    1,    1,    1,    1,    1,    1,    1,    1,    1,
| 
|         1,    1,    1,    1,    1,    1,    1,    1,    1,    1,
|         1,    1,    1,    1,    1,    1,    1,    1,    1,    1,
|         1,    1,    1,    1,    1,    1,    1,    1,    1,    1,
|         1,    1,    1,    1,    1,    1,    1,    1,    1,    1,
|         1,    1,    1,    1,    1,    1,    1,    1,    1,    1,
|         1,    1,    1,    1,    1
|     } ;
| 
| static yyconst flex_int32_t yy_meta[9] =
|     {   0,
|         1,    1,    1,    1,    1,    1,    1,    1
|     } ;
| 
| static yyconst flex_int16_t yy_base[13] =
|     {   0,
|         0,    0,    9,   10,   10,   10,   10,   10,   10,   10,
|        10,   10
|     } ;
| 
| static yyconst flex_int16_t yy_def[13] =
|     {   0,
|        12,    1,   12,   12,   12,   12,   12,   12,   12,   12,
|        12,    0
|     } ;
| 
| static yyconst flex_int16_t yy_nxt[19] =
|     {   0,
|         4,    5,    6,    7,    8,    9,   10,   11,   12,    3,
|        12,   12,   12,   12,   12,   12,   12,   12
|     } ;
| 
| static yyconst flex_int16_t yy_chk[19] =
|     {   0,
|         1,    1,    1,    1,    1,    1,    1,    1,    3,   12,
|        12,   12,   12,   12,   12,   12,   12,   12
|     } ;
| 
| extern int yy_flex_debug;
| int yy_flex_debug = 0;
| 
| static yy_state_type *yy_state_buf=0, *yy_state_ptr=0;
| static char *yy_full_match;
| static int yy_lp;
| #define REJECT \
| { \
| *yy_cp = (yy_hold_char); /* undo effects of setting up yytext */ \
| yy_cp = (yy_full_match); /* restore poss. backed-over text */ \
| ++(yy_lp); \
| goto find_rule; \
| }
| 
| static int yy_more_flag = 0;
| static int yy_more_len = 0;
| #define yymore() ((yy_more_flag) = 1)
| #define YY_MORE_ADJ (yy_more_len)
| #define YY_RESTORE_YY_MORE_OFFSET
| char *yytext;
| #line 1 "conftest.l"
| #line 469 "lex.yy.c"
| 
| #define INITIAL 0
| 
| #ifndef YY_NO_UNISTD_H
| /* Special case for "unistd.h", since it is non-ANSI. We include it way
|  * down here because we want the user's section 1 to have been scanned first.
|  * The user has a chance to override it with an option.
|  */
| #include <unistd.h>
| #endif
| 
| #ifndef YY_EXTRA_TYPE
| #define YY_EXTRA_TYPE void *
| #endif
| 
| static int yy_init_globals (void );
| 
| /* Accessor methods to globals.
|    These are made visible to non-reentrant scanners for convenience. */
| 
| int yylex_destroy (void );
| 
| int yyget_debug (void );
| 
| void yyset_debug (int debug_flag  );
| 
| YY_EXTRA_TYPE yyget_extra (void );
| 
| void yyset_extra (YY_EXTRA_TYPE user_defined  );
| 
| FILE *yyget_in (void );
| 
| void yyset_in  (FILE * in_str  );
| 
| FILE *yyget_out (void );
| 
| void yyset_out  (FILE * out_str  );
| 
| yy_size_t yyget_leng (void );
| 
| char *yyget_text (void );
| 
| int yyget_lineno (void );
| 
| void yyset_lineno (int line_number  );
| 
| /* Macros after this point can all be overridden by user definitions in
|  * section 1.
|  */
| 
| #ifndef YY_SKIP_YYWRAP
| #ifdef __cplusplus
| extern "C" int yywrap (void );
| #else
| extern int yywrap (void );
| #endif
| #endif
| 
|     static void yyunput (int c,char *buf_ptr  );
|     
| #ifndef yytext_ptr
| static void yy_flex_strncpy (char *,yyconst char *,int );
| #endif
| 
| #ifdef YY_NEED_STRLEN
| static int yy_flex_strlen (yyconst char * );
| #endif
| 
| #ifndef YY_NO_INPUT
| 
| #ifdef __cplusplus
| static int yyinput (void );
| #else
| static int input (void );
| #endif
| 
| #endif
| 
| /* Amount of stuff to slurp up with each read. */
| #ifndef YY_READ_BUF_SIZE
| #define YY_READ_BUF_SIZE 8192
| #endif
| 
| /* Copy whatever the last rule matched to the standard output. */
| #ifndef ECHO
| /* This used to be an fputs(), but since the string might contain NUL's,
|  * we now use fwrite().
|  */
| #define ECHO do { if (fwrite( yytext, yyleng, 1, yyout )) {} } while (0)
| #endif
| 
| /* Gets input and stuffs it into "buf".  number of characters read, or YY_NULL,
|  * is returned in "result".
|  */
| #ifndef YY_INPUT
| #define YY_INPUT(buf,result,max_size) \
| 	if ( YY_CURRENT_BUFFER_LVALUE->yy_is_interactive ) \
| 		{ \
| 		int c = '*'; \
| 		size_t n; \
| 		for ( n = 0; n < max_size && \
| 			     (c = getc( yyin )) != EOF && c != '\n'; ++n ) \
| 			buf[n] = (char) c; \
| 		if ( c == '\n' ) \
| 			buf[n++] = (char) c; \
| 		if ( c == EOF && ferror( yyin ) ) \
| 			YY_FATAL_ERROR( "input in flex scanner failed" ); \
| 		result = n; \
| 		} \
| 	else \
| 		{ \
| 		errno=0; \
| 		while ( (result = fread(buf, 1, max_size, yyin))==0 && ferror(yyin)) \
| 			{ \
| 			if( errno != EINTR) \
| 				{ \
| 				YY_FATAL_ERROR( "input in flex scanner failed" ); \
| 				break; \
| 				} \
| 			errno=0; \
| 			clearerr(yyin); \
| 			} \
| 		}\
| \
| 
| #endif
| 
| /* No semi-colon after return; correct usage is to write "yyterminate();" -
|  * we don't want an extra ';' after the "return" because that will cause
|  * some compilers to complain about unreachable statements.
|  */
| #ifndef yyterminate
| #define yyterminate() return YY_NULL
| #endif
| 
| /* Number of entries by which start-condition stack grows. */
| #ifndef YY_START_STACK_INCR
| #define YY_START_STACK_INCR 25
| #endif
| 
| /* Report a fatal error. */
| #ifndef YY_FATAL_ERROR
| #define YY_FATAL_ERROR(msg) yy_fatal_error( msg )
| #endif
| 
| /* end tables serialization structures and prototypes */
| 
| /* Default declaration of generated scanner - a define so the user can
|  * easily add parameters.
|  */
| #ifndef YY_DECL
| #define YY_DECL_IS_OURS 1
| 
| extern int yylex (void);
| 
| #define YY_DECL int yylex (void)
| #endif /* !YY_DECL */
| 
| /* Code executed at the beginning of each rule, after yytext and yyleng
|  * have been set up.
|  */
| #ifndef YY_USER_ACTION
| #define YY_USER_ACTION
| #endif
| 
| /* Code executed at the end of each rule. */
| #ifndef YY_BREAK
| #define YY_BREAK break;
| #endif
| 
| #define YY_RULE_SETUP \
| 	YY_USER_ACTION
| 
| /** The main scanner function which does all the work.
|  */
| YY_DECL
| {
| 	register yy_state_type yy_current_state;
| 	register char *yy_cp, *yy_bp;
| 	register int yy_act;
|     
| #line 1 "conftest.l"
| 
| #line 653 "lex.yy.c"
| 
| 	if ( !(yy_init) )
| 		{
| 		(yy_init) = 1;
| 
| #ifdef YY_USER_INIT
| 		YY_USER_INIT;
| #endif
| 
|         /* Create the reject buffer large enough to save one state per allowed character. */
|         if ( ! (yy_state_buf) )
|             (yy_state_buf) = (yy_state_type *)yyalloc(YY_STATE_BUF_SIZE  );
|             if ( ! (yy_state_buf) )
|                 YY_FATAL_ERROR( "out of dynamic memory in yylex()" );
| 
| 		if ( ! (yy_start) )
| 			(yy_start) = 1;	/* first start state */
| 
| 		if ( ! yyin )
| 			yyin = stdin;
| 
| 		if ( ! yyout )
| 			yyout = stdout;
| 
| 		if ( ! YY_CURRENT_BUFFER ) {
| 			yyensure_buffer_stack ();
| 			YY_CURRENT_BUFFER_LVALUE =
| 				yy_create_buffer(yyin,YY_BUF_SIZE );
| 		}
| 
| 		yy_load_buffer_state( );
| 		}
| 
| 	while ( 1 )		/* loops until end-of-file is reached */
| 		{
| 		(yy_more_len) = 0;
| 		if ( (yy_more_flag) )
| 			{
| 			(yy_more_len) = (yy_c_buf_p) - (yytext_ptr);
| 			(yy_more_flag) = 0;
| 			}
| 		yy_cp = (yy_c_buf_p);
| 
| 		/* Support of yytext. */
| 		*yy_cp = (yy_hold_char);
| 
| 		/* yy_bp points to the position in yy_ch_buf of the start of
| 		 * the current run.
| 		 */
| 		yy_bp = yy_cp;
| 
| 		yy_current_state = (yy_start);
| 
| 		(yy_state_ptr) = (yy_state_buf);
| 		*(yy_state_ptr)++ = yy_current_state;
| 
| yy_match:
| 		do
| 			{
| 			register YY_CHAR yy_c = yy_ec[YY_SC_TO_UI(*yy_cp)];
| 			while ( yy_chk[yy_base[yy_current_state] + yy_c] != yy_current_state )
| 				{
| 				yy_current_state = (int) yy_def[yy_current_state];
| 				if ( yy_current_state >= 13 )
| 					yy_c = yy_meta[(unsigned int) yy_c];
| 				}
| 			yy_current_state = yy_nxt[yy_base[yy_current_state] + (unsigned int) yy_c];
| 			*(yy_state_ptr)++ = yy_current_state;
| 			++yy_cp;
| 			}
| 		while ( yy_base[yy_current_state] != 10 );
| 
| yy_find_action:
| 		yy_current_state = *--(yy_state_ptr);
| 		(yy_lp) = yy_accept[yy_current_state];
| find_rule: /* we branch to this label when backing up */
| 		for ( ; ; ) /* until we find what rule we matched */
| 			{
| 			if ( (yy_lp) && (yy_lp) < yy_accept[yy_current_state + 1] )
| 				{
| 				yy_act = yy_acclist[(yy_lp)];
| 					{
| 					(yy_full_match) = yy_cp;
| 					break;
| 					}
| 				}
| 			--yy_cp;
| 			yy_current_state = *--(yy_state_ptr);
| 			(yy_lp) = yy_accept[yy_current_state];
| 			}
| 
| 		YY_DO_BEFORE_ACTION;
| 
| do_action:	/* This label is used only to access EOF actions. */
| 
| 		switch ( yy_act )
| 	{ /* beginning of action switch */
| case 1:
| YY_RULE_SETUP
| #line 2 "conftest.l"
| { ECHO; }
| 	YY_BREAK
| case 2:
| YY_RULE_SETUP
| #line 3 "conftest.l"
| { REJECT; }
| 	YY_BREAK
| case 3:
| YY_RULE_SETUP
| #line 4 "conftest.l"
| { yymore (); }
| 	YY_BREAK
| case 4:
| YY_RULE_SETUP
| #line 5 "conftest.l"
| { yyless (1); }
| 	YY_BREAK
| case 5:
| YY_RULE_SETUP
| #line 6 "conftest.l"
| { /* IRIX 6.5 flex 2.5.4 underquotes its yyless argument.  */
|     yyless ((input () != 0)); }
| 	YY_BREAK
| case 6:
| YY_RULE_SETUP
| #line 8 "conftest.l"
| { unput (yytext[0]); }
| 	YY_BREAK
| case 7:
| YY_RULE_SETUP
| #line 9 "conftest.l"
| { BEGIN INITIAL; }
| 	YY_BREAK
| case 8:
| YY_RULE_SETUP
| #line 10 "conftest.l"
| ECHO;
| 	YY_BREAK
| #line 792 "lex.yy.c"
| 			case YY_STATE_EOF(INITIAL):
| 				yyterminate();
| 
| 	case YY_END_OF_BUFFER:
| 		{
| 		/* Amount of text matched not including the EOB char. */
| 		int yy_amount_of_matched_text = (int) (yy_cp - (yytext_ptr)) - 1;
| 
| 		/* Undo the effects of YY_DO_BEFORE_ACTION. */
| 		*yy_cp = (yy_hold_char);
| 		YY_RESTORE_YY_MORE_OFFSET
| 
| 		if ( YY_CURRENT_BUFFER_LVALUE->yy_buffer_status == YY_BUFFER_NEW )
| 			{
| 			/* We're scanning a new file or input source.  It's
| 			 * possible that this happened because the user
| 			 * just pointed yyin at a new source and called
| 			 * yylex().  If so, then we have to assure
| 			 * consistency between YY_CURRENT_BUFFER and our
| 			 * globals.  Here is the right place to do so, because
| 			 * this is the first action (other than possibly a
| 			 * back-up) that will match for the new input source.
| 			 */
| 			(yy_n_chars) = YY_CURRENT_BUFFER_LVALUE->yy_n_chars;
| 			YY_CURRENT_BUFFER_LVALUE->yy_input_file = yyin;
| 			YY_CURRENT_BUFFER_LVALUE->yy_buffer_status = YY_BUFFER_NORMAL;
| 			}
| 
| 		/* Note that here we test for yy_c_buf_p "<=" to the position
| 		 * of the first EOB in the buffer, since yy_c_buf_p will
| 		 * already have been incremented past the NUL character
| 		 * (since all states make transitions on EOB to the
| 		 * end-of-buffer state).  Contrast this with the test
| 		 * in input().
| 		 */
| 		if ( (yy_c_buf_p) <= &YY_CURRENT_BUFFER_LVALUE->yy_ch_buf[(yy_n_chars)] )
| 			{ /* This was really a NUL. */
| 			yy_state_type yy_next_state;
| 
| 			(yy_c_buf_p) = (yytext_ptr) + yy_amount_of_matched_text;
| 
| 			yy_current_state = yy_get_previous_state(  );
| 
| 			/* Okay, we're now positioned to make the NUL
| 			 * transition.  We couldn't have
| 			 * yy_get_previous_state() go ahead and do it
| 			 * for us because it doesn't know how to deal
| 			 * with the possibility of jamming (and we don't
| 			 * want to build jamming into it because then it
| 			 * will run more slowly).
| 			 */
| 
| 			yy_next_state = yy_try_NUL_trans( yy_current_state );
| 
| 			yy_bp = (yytext_ptr) + YY_MORE_ADJ;
| 
| 			if ( yy_next_state )
| 				{
| 				/* Consume the NUL. */
| 				yy_cp = ++(yy_c_buf_p);
| 				yy_current_state = yy_next_state;
| 				goto yy_match;
| 				}
| 
| 			else
| 				{
| 				yy_cp = (yy_c_buf_p);
| 				goto yy_find_action;
| 				}
| 			}
| 
| 		else switch ( yy_get_next_buffer(  ) )
| 			{
| 			case EOB_ACT_END_OF_FILE:
| 				{
| 				(yy_did_buffer_switch_on_eof) = 0;
| 
| 				if ( yywrap( ) )
| 					{
| 					/* Note: because we've taken care in
| 					 * yy_get_next_buffer() to have set up
| 					 * yytext, we can now set up
| 					 * yy_c_buf_p so that if some total
| 					 * hoser (like flex itself) wants to
| 					 * call the scanner after we return the
| 					 * YY_NULL, it'll still work - another
| 					 * YY_NULL will get returned.
| 					 */
| 					(yy_c_buf_p) = (yytext_ptr) + YY_MORE_ADJ;
| 
| 					yy_act = YY_STATE_EOF(YY_START);
| 					goto do_action;
| 					}
| 
| 				else
| 					{
| 					if ( ! (yy_did_buffer_switch_on_eof) )
| 						YY_NEW_FILE;
| 					}
| 				break;
| 				}
| 
| 			case EOB_ACT_CONTINUE_SCAN:
| 				(yy_c_buf_p) =
| 					(yytext_ptr) + yy_amount_of_matched_text;
| 
| 				yy_current_state = yy_get_previous_state(  );
| 
| 				yy_cp = (yy_c_buf_p);
| 				yy_bp = (yytext_ptr) + YY_MORE_ADJ;
| 				goto yy_match;
| 
| 			case EOB_ACT_LAST_MATCH:
| 				(yy_c_buf_p) =
| 				&YY_CURRENT_BUFFER_LVALUE->yy_ch_buf[(yy_n_chars)];
| 
| 				yy_current_state = yy_get_previous_state(  );
| 
| 				yy_cp = (yy_c_buf_p);
| 				yy_bp = (yytext_ptr) + YY_MORE_ADJ;
| 				goto yy_find_action;
| 			}
| 		break;
| 		}
| 
| 	default:
| 		YY_FATAL_ERROR(
| 			"fatal flex scanner internal error--no action found" );
| 	} /* end of action switch */
| 		} /* end of scanning one token */
| } /* end of yylex */
| 
| /* yy_get_next_buffer - try to read in a new buffer
|  *
|  * Returns a code representing an action:
|  *	EOB_ACT_LAST_MATCH -
|  *	EOB_ACT_CONTINUE_SCAN - continue scanning from current position
|  *	EOB_ACT_END_OF_FILE - end of file
|  */
| static int yy_get_next_buffer (void)
| {
|     	register char *dest = YY_CURRENT_BUFFER_LVALUE->yy_ch_buf;
| 	register char *source = (yytext_ptr);
| 	register int number_to_move, i;
| 	int ret_val;
| 
| 	if ( (yy_c_buf_p) > &YY_CURRENT_BUFFER_LVALUE->yy_ch_buf[(yy_n_chars) + 1] )
| 		YY_FATAL_ERROR(
| 		"fatal flex scanner internal error--end of buffer missed" );
| 
| 	if ( YY_CURRENT_BUFFER_LVALUE->yy_fill_buffer == 0 )
| 		{ /* Don't try to fill the buffer, so this is an EOF. */
| 		if ( (yy_c_buf_p) - (yytext_ptr) - YY_MORE_ADJ == 1 )
| 			{
| 			/* We matched a single character, the EOB, so
| 			 * treat this as a final EOF.
| 			 */
| 			return EOB_ACT_END_OF_FILE;
| 			}
| 
| 		else
| 			{
| 			/* We matched some text prior to the EOB, first
| 			 * process it.
| 			 */
| 			return EOB_ACT_LAST_MATCH;
| 			}
| 		}
| 
| 	/* Try to read more data. */
| 
| 	/* First move last chars to start of buffer. */
| 	number_to_move = (int) ((yy_c_buf_p) - (yytext_ptr)) - 1;
| 
| 	for ( i = 0; i < number_to_move; ++i )
| 		*(dest++) = *(source++);
| 
| 	if ( YY_CURRENT_BUFFER_LVALUE->yy_buffer_status == YY_BUFFER_EOF_PENDING )
| 		/* don't do the read, it's not guaranteed to return an EOF,
| 		 * just force an EOF
| 		 */
| 		YY_CURRENT_BUFFER_LVALUE->yy_n_chars = (yy_n_chars) = 0;
| 
| 	else
| 		{
| 			yy_size_t num_to_read =
| 			YY_CURRENT_BUFFER_LVALUE->yy_buf_size - number_to_move - 1;
| 
| 		while ( num_to_read <= 0 )
| 			{ /* Not enough room in the buffer - grow it. */
| 
| 			YY_FATAL_ERROR(
| "input buffer overflow, can't enlarge buffer because scanner uses REJECT" );
| 
| 			}
| 
| 		if ( num_to_read > YY_READ_BUF_SIZE )
| 			num_to_read = YY_READ_BUF_SIZE;
| 
| 		/* Read in more data. */
| 		YY_INPUT( (&YY_CURRENT_BUFFER_LVALUE->yy_ch_buf[number_to_move]),
| 			(yy_n_chars), num_to_read );
| 
| 		YY_CURRENT_BUFFER_LVALUE->yy_n_chars = (yy_n_chars);
| 		}
| 
| 	if ( (yy_n_chars) == 0 )
| 		{
| 		if ( number_to_move == YY_MORE_ADJ )
| 			{
| 			ret_val = EOB_ACT_END_OF_FILE;
| 			yyrestart(yyin  );
| 			}
| 
| 		else
| 			{
| 			ret_val = EOB_ACT_LAST_MATCH;
| 			YY_CURRENT_BUFFER_LVALUE->yy_buffer_status =
| 				YY_BUFFER_EOF_PENDING;
| 			}
| 		}
| 
| 	else
| 		ret_val = EOB_ACT_CONTINUE_SCAN;
| 
| 	if ((yy_size_t) ((yy_n_chars) + number_to_move) > YY_CURRENT_BUFFER_LVALUE->yy_buf_size) {
| 		/* Extend the array by 50%, plus the number we really need. */
| 		yy_size_t new_size = (yy_n_chars) + number_to_move + ((yy_n_chars) >> 1);
| 		YY_CURRENT_BUFFER_LVALUE->yy_ch_buf = (char *) yyrealloc((void *) YY_CURRENT_BUFFER_LVALUE->yy_ch_buf,new_size  );
| 		if ( ! YY_CURRENT_BUFFER_LVALUE->yy_ch_buf )
| 			YY_FATAL_ERROR( "out of dynamic memory in yy_get_next_buffer()" );
| 	}
| 
| 	(yy_n_chars) += number_to_move;
| 	YY_CURRENT_BUFFER_LVALUE->yy_ch_buf[(yy_n_chars)] = YY_END_OF_BUFFER_CHAR;
| 	YY_CURRENT_BUFFER_LVALUE->yy_ch_buf[(yy_n_chars) + 1] = YY_END_OF_BUFFER_CHAR;
| 
| 	(yytext_ptr) = &YY_CURRENT_BUFFER_LVALUE->yy_ch_buf[0];
| 
| 	return ret_val;
| }
| 
| /* yy_get_previous_state - get the state just before the EOB char was reached */
| 
|     static yy_state_type yy_get_previous_state (void)
| {
| 	register yy_state_type yy_current_state;
| 	register char *yy_cp;
|     
| 	yy_current_state = (yy_start);
| 
| 	(yy_state_ptr) = (yy_state_buf);
| 	*(yy_state_ptr)++ = yy_current_state;
| 
| 	for ( yy_cp = (yytext_ptr) + YY_MORE_ADJ; yy_cp < (yy_c_buf_p); ++yy_cp )
| 		{
| 		register YY_CHAR yy_c = (*yy_cp ? yy_ec[YY_SC_TO_UI(*yy_cp)] : 1);
| 		while ( yy_chk[yy_base[yy_current_state] + yy_c] != yy_current_state )
| 			{
| 			yy_current_state = (int) yy_def[yy_current_state];
| 			if ( yy_current_state >= 13 )
| 				yy_c = yy_meta[(unsigned int) yy_c];
| 			}
| 		yy_current_state = yy_nxt[yy_base[yy_current_state] + (unsigned int) yy_c];
| 		*(yy_state_ptr)++ = yy_current_state;
| 		}
| 
| 	return yy_current_state;
| }
| 
| /* yy_try_NUL_trans - try to make a transition on the NUL character
|  *
|  * synopsis
|  *	next_state = yy_try_NUL_trans( current_state );
|  */
|     static yy_state_type yy_try_NUL_trans  (yy_state_type yy_current_state )
| {
| 	register int yy_is_jam;
|     
| 	register YY_CHAR yy_c = 1;
| 	while ( yy_chk[yy_base[yy_current_state] + yy_c] != yy_current_state )
| 		{
| 		yy_current_state = (int) yy_def[yy_current_state];
| 		if ( yy_current_state >= 13 )
| 			yy_c = yy_meta[(unsigned int) yy_c];
| 		}
| 	yy_current_state = yy_nxt[yy_base[yy_current_state] + (unsigned int) yy_c];
| 	yy_is_jam = (yy_current_state == 12);
| 	if ( ! yy_is_jam )
| 		*(yy_state_ptr)++ = yy_current_state;
| 
| 		return yy_is_jam ? 0 : yy_current_state;
| }
| 
|     static void yyunput (int c, register char * yy_bp )
| {
| 	register char *yy_cp;
|     
|     yy_cp = (yy_c_buf_p);
| 
| 	/* undo effects of setting up yytext */
| 	*yy_cp = (yy_hold_char);
| 
| 	if ( yy_cp < YY_CURRENT_BUFFER_LVALUE->yy_ch_buf + 2 )
| 		{ /* need to shift things up to make room */
| 		/* +2 for EOB chars. */
| 		register yy_size_t number_to_move = (yy_n_chars) + 2;
| 		register char *dest = &YY_CURRENT_BUFFER_LVALUE->yy_ch_buf[
| 					YY_CURRENT_BUFFER_LVALUE->yy_buf_size + 2];
| 		register char *source =
| 				&YY_CURRENT_BUFFER_LVALUE->yy_ch_buf[number_to_move];
| 
| 		while ( source > YY_CURRENT_BUFFER_LVALUE->yy_ch_buf )
| 			*--dest = *--source;
| 
| 		yy_cp += (int) (dest - source);
| 		yy_bp += (int) (dest - source);
| 		YY_CURRENT_BUFFER_LVALUE->yy_n_chars =
| 			(yy_n_chars) = YY_CURRENT_BUFFER_LVALUE->yy_buf_size;
| 
| 		if ( yy_cp < YY_CURRENT_BUFFER_LVALUE->yy_ch_buf + 2 )
| 			YY_FATAL_ERROR( "flex scanner push-back overflow" );
| 		}
| 
| 	*--yy_cp = (char) c;
| 
| 	(yytext_ptr) = yy_bp;
| 	(yy_hold_char) = *yy_cp;
| 	(yy_c_buf_p) = yy_cp;
| }
| 
| #ifndef YY_NO_INPUT
| #ifdef __cplusplus
|     static int yyinput (void)
| #else
|     static int input  (void)
| #endif
| 
| {
| 	int c;
|     
| 	*(yy_c_buf_p) = (yy_hold_char);
| 
| 	if ( *(yy_c_buf_p) == YY_END_OF_BUFFER_CHAR )
| 		{
| 		/* yy_c_buf_p now points to the character we want to return.
| 		 * If this occurs *before* the EOB characters, then it's a
| 		 * valid NUL; if not, then we've hit the end of the buffer.
| 		 */
| 		if ( (yy_c_buf_p) < &YY_CURRENT_BUFFER_LVALUE->yy_ch_buf[(yy_n_chars)] )
| 			/* This was really a NUL. */
| 			*(yy_c_buf_p) = '\0';
| 
| 		else
| 			{ /* need more input */
| 			yy_size_t offset = (yy_c_buf_p) - (yytext_ptr);
| 			++(yy_c_buf_p);
| 
| 			switch ( yy_get_next_buffer(  ) )
| 				{
| 				case EOB_ACT_LAST_MATCH:
| 					/* This happens because yy_g_n_b()
| 					 * sees that we've accumulated a
| 					 * token and flags that we need to
| 					 * try matching the token before
| 					 * proceeding.  But for input(),
| 					 * there's no matching to consider.
| 					 * So convert the EOB_ACT_LAST_MATCH
| 					 * to EOB_ACT_END_OF_FILE.
| 					 */
| 
| 					/* Reset buffer status. */
| 					yyrestart(yyin );
| 
| 					/*FALLTHROUGH*/
| 
| 				case EOB_ACT_END_OF_FILE:
| 					{
| 					if ( yywrap( ) )
| 						return EOF;
| 
| 					if ( ! (yy_did_buffer_switch_on_eof) )
| 						YY_NEW_FILE;
| #ifdef __cplusplus
| 					return yyinput();
| #else
| 					return input();
| #endif
| 					}
| 
| 				case EOB_ACT_CONTINUE_SCAN:
| 					(yy_c_buf_p) = (yytext_ptr) + offset;
| 					break;
| 				}
| 			}
| 		}
| 
| 	c = *(unsigned char *) (yy_c_buf_p);	/* cast for 8-bit char's */
| 	*(yy_c_buf_p) = '\0';	/* preserve yytext */
| 	(yy_hold_char) = *++(yy_c_buf_p);
| 
| 	return c;
| }
| #endif	/* ifndef YY_NO_INPUT */
| 
| /** Immediately switch to a different input stream.
|  * @param input_file A readable stream.
|  * 
|  * @note This function does not reset the start condition to @c INITIAL .
|  */
|     void yyrestart  (FILE * input_file )
| {
|     
| 	if ( ! YY_CURRENT_BUFFER ){
|         yyensure_buffer_stack ();
| 		YY_CURRENT_BUFFER_LVALUE =
|             yy_create_buffer(yyin,YY_BUF_SIZE );
| 	}
| 
| 	yy_init_buffer(YY_CURRENT_BUFFER,input_file );
| 	yy_load_buffer_state( );
| }
| 
| /** Switch to a different input buffer.
|  * @param new_buffer The new input buffer.
|  * 
|  */
|     void yy_switch_to_buffer  (YY_BUFFER_STATE  new_buffer )
| {
|     
| 	/* TODO. We should be able to replace this entire function body
| 	 * with
| 	 *		yypop_buffer_state();
| 	 *		yypush_buffer_state(new_buffer);
|      */
| 	yyensure_buffer_stack ();
| 	if ( YY_CURRENT_BUFFER == new_buffer )
| 		return;
| 
| 	if ( YY_CURRENT_BUFFER )
| 		{
| 		/* Flush out information for old buffer. */
| 		*(yy_c_buf_p) = (yy_hold_char);
| 		YY_CURRENT_BUFFER_LVALUE->yy_buf_pos = (yy_c_buf_p);
| 		YY_CURRENT_BUFFER_LVALUE->yy_n_chars = (yy_n_chars);
| 		}
| 
| 	YY_CURRENT_BUFFER_LVALUE = new_buffer;
| 	yy_load_buffer_state( );
| 
| 	/* We don't actually know whether we did this switch during
| 	 * EOF (yywrap()) processing, but the only time this flag
| 	 * is looked at is after yywrap() is called, so it's safe
| 	 * to go ahead and always set it.
| 	 */
| 	(yy_did_buffer_switch_on_eof) = 1;
| }
| 
| static void yy_load_buffer_state  (void)
| {
|     	(yy_n_chars) = YY_CURRENT_BUFFER_LVALUE->yy_n_chars;
| 	(yytext_ptr) = (yy_c_buf_p) = YY_CURRENT_BUFFER_LVALUE->yy_buf_pos;
| 	yyin = YY_CURRENT_BUFFER_LVALUE->yy_input_file;
| 	(yy_hold_char) = *(yy_c_buf_p);
| }
| 
| /** Allocate and initialize an input buffer state.
|  * @param file A readable stream.
|  * @param size The character buffer size in bytes. When in doubt, use @c YY_BUF_SIZE.
|  * 
|  * @return the allocated buffer state.
|  */
|     YY_BUFFER_STATE yy_create_buffer  (FILE * file, int  size )
| {
| 	YY_BUFFER_STATE b;
|     
| 	b = (YY_BUFFER_STATE) yyalloc(sizeof( struct yy_buffer_state )  );
| 	if ( ! b )
| 		YY_FATAL_ERROR( "out of dynamic memory in yy_create_buffer()" );
| 
| 	b->yy_buf_size = size;
| 
| 	/* yy_ch_buf has to be 2 characters longer than the size given because
| 	 * we need to put in 2 end-of-buffer characters.
| 	 */
| 	b->yy_ch_buf = (char *) yyalloc(b->yy_buf_size + 2  );
| 	if ( ! b->yy_ch_buf )
| 		YY_FATAL_ERROR( "out of dynamic memory in yy_create_buffer()" );
| 
| 	b->yy_is_our_buffer = 1;
| 
| 	yy_init_buffer(b,file );
| 
| 	return b;
| }
| 
| /** Destroy the buffer.
|  * @param b a buffer created with yy_create_buffer()
|  * 
|  */
|     void yy_delete_buffer (YY_BUFFER_STATE  b )
| {
|     
| 	if ( ! b )
| 		return;
| 
| 	if ( b == YY_CURRENT_BUFFER ) /* Not sure if we should pop here. */
| 		YY_CURRENT_BUFFER_LVALUE = (YY_BUFFER_STATE) 0;
| 
| 	if ( b->yy_is_our_buffer )
| 		yyfree((void *) b->yy_ch_buf  );
| 
| 	yyfree((void *) b  );
| }
| 
| /* Initializes or reinitializes a buffer.
|  * This function is sometimes called more than once on the same buffer,
|  * such as during a yyrestart() or at EOF.
|  */
|     static void yy_init_buffer  (YY_BUFFER_STATE  b, FILE * file )
| 
| {
| 	int oerrno = errno;
|     
| 	yy_flush_buffer(b );
| 
| 	b->yy_input_file = file;
| 	b->yy_fill_buffer = 1;
| 
|     /* If b is the current buffer, then yy_init_buffer was _probably_
|      * called from yyrestart() or through yy_get_next_buffer.
|      * In that case, we don't want to reset the lineno or column.
|      */
|     if (b != YY_CURRENT_BUFFER){
|         b->yy_bs_lineno = 1;
|         b->yy_bs_column = 0;
|     }
| 
|         b->yy_is_interactive = file ? (isatty( fileno(file) ) > 0) : 0;
|     
| 	errno = oerrno;
| }
| 
| /** Discard all buffered characters. On the next scan, YY_INPUT will be called.
|  * @param b the buffer state to be flushed, usually @c YY_CURRENT_BUFFER.
|  * 
|  */
|     void yy_flush_buffer (YY_BUFFER_STATE  b )
| {
|     	if ( ! b )
| 		return;
| 
| 	b->yy_n_chars = 0;
| 
| 	/* We always need two end-of-buffer characters.  The first causes
| 	 * a transition to the end-of-buffer state.  The second causes
| 	 * a jam in that state.
| 	 */
| 	b->yy_ch_buf[0] = YY_END_OF_BUFFER_CHAR;
| 	b->yy_ch_buf[1] = YY_END_OF_BUFFER_CHAR;
| 
| 	b->yy_buf_pos = &b->yy_ch_buf[0];
| 
| 	b->yy_at_bol = 1;
| 	b->yy_buffer_status = YY_BUFFER_NEW;
| 
| 	if ( b == YY_CURRENT_BUFFER )
| 		yy_load_buffer_state( );
| }
| 
| /** Pushes the new state onto the stack. The new state becomes
|  *  the current state. This function will allocate the stack
|  *  if necessary.
|  *  @param new_buffer The new state.
|  *  
|  */
| void yypush_buffer_state (YY_BUFFER_STATE new_buffer )
| {
|     	if (new_buffer == NULL)
| 		return;
| 
| 	yyensure_buffer_stack();
| 
| 	/* This block is copied from yy_switch_to_buffer. */
| 	if ( YY_CURRENT_BUFFER )
| 		{
| 		/* Flush out information for old buffer. */
| 		*(yy_c_buf_p) = (yy_hold_char);
| 		YY_CURRENT_BUFFER_LVALUE->yy_buf_pos = (yy_c_buf_p);
| 		YY_CURRENT_BUFFER_LVALUE->yy_n_chars = (yy_n_chars);
| 		}
| 
| 	/* Only push if top exists. Otherwise, replace top. */
| 	if (YY_CURRENT_BUFFER)
| 		(yy_buffer_stack_top)++;
| 	YY_CURRENT_BUFFER_LVALUE = new_buffer;
| 
| 	/* copied from yy_switch_to_buffer. */
| 	yy_load_buffer_state( );
| 	(yy_did_buffer_switch_on_eof) = 1;
| }
| 
| /** Removes and deletes the top of the stack, if present.
|  *  The next element becomes the new top.
|  *  
|  */
| void yypop_buffer_state (void)
| {
|     	if (!YY_CURRENT_BUFFER)
| 		return;
| 
| 	yy_delete_buffer(YY_CURRENT_BUFFER );
| 	YY_CURRENT_BUFFER_LVALUE = NULL;
| 	if ((yy_buffer_stack_top) > 0)
| 		--(yy_buffer_stack_top);
| 
| 	if (YY_CURRENT_BUFFER) {
| 		yy_load_buffer_state( );
| 		(yy_did_buffer_switch_on_eof) = 1;
| 	}
| }
| 
| /* Allocates the stack if it does not exist.
|  *  Guarantees space for at least one push.
|  */
| static void yyensure_buffer_stack (void)
| {
| 	yy_size_t num_to_alloc;
|     
| 	if (!(yy_buffer_stack)) {
| 
| 		/* First allocation is just for 2 elements, since we don't know if this
| 		 * scanner will even need a stack. We use 2 instead of 1 to avoid an
| 		 * immediate realloc on the next call.
|          */
| 		num_to_alloc = 1;
| 		(yy_buffer_stack) = (struct yy_buffer_state**)yyalloc
| 								(num_to_alloc * sizeof(struct yy_buffer_state*)
| 								);
| 		if ( ! (yy_buffer_stack) )
| 			YY_FATAL_ERROR( "out of dynamic memory in yyensure_buffer_stack()" );
| 								  
| 		memset((yy_buffer_stack), 0, num_to_alloc * sizeof(struct yy_buffer_state*));
| 				
| 		(yy_buffer_stack_max) = num_to_alloc;
| 		(yy_buffer_stack_top) = 0;
| 		return;
| 	}
| 
| 	if ((yy_buffer_stack_top) >= ((yy_buffer_stack_max)) - 1){
| 
| 		/* Increase the buffer to prepare for a possible push. */
| 		int grow_size = 8 /* arbitrary grow size */;
| 
| 		num_to_alloc = (yy_buffer_stack_max) + grow_size;
| 		(yy_buffer_stack) = (struct yy_buffer_state**)yyrealloc
| 								((yy_buffer_stack),
| 								num_to_alloc * sizeof(struct yy_buffer_state*)
| 								);
| 		if ( ! (yy_buffer_stack) )
| 			YY_FATAL_ERROR( "out of dynamic memory in yyensure_buffer_stack()" );
| 
| 		/* zero only the new slots.*/
| 		memset((yy_buffer_stack) + (yy_buffer_stack_max), 0, grow_size * sizeof(struct yy_buffer_state*));
| 		(yy_buffer_stack_max) = num_to_alloc;
| 	}
| }
| 
| /** Setup the input buffer state to scan directly from a user-specified character buffer.
|  * @param base the character buffer
|  * @param size the size in bytes of the character buffer
|  * 
|  * @return the newly allocated buffer state object. 
|  */
| YY_BUFFER_STATE yy_scan_buffer  (char * base, yy_size_t  size )
| {
| 	YY_BUFFER_STATE b;
|     
| 	if ( size < 2 ||
| 	     base[size-2] != YY_END_OF_BUFFER_CHAR ||
| 	     base[size-1] != YY_END_OF_BUFFER_CHAR )
| 		/* They forgot to leave room for the EOB's. */
| 		return 0;
| 
| 	b = (YY_BUFFER_STATE) yyalloc(sizeof( struct yy_buffer_state )  );
| 	if ( ! b )
| 		YY_FATAL_ERROR( "out of dynamic memory in yy_scan_buffer()" );
| 
| 	b->yy_buf_size = size - 2;	/* "- 2" to take care of EOB's */
| 	b->yy_buf_pos = b->yy_ch_buf = base;
| 	b->yy_is_our_buffer = 0;
| 	b->yy_input_file = 0;
| 	b->yy_n_chars = b->yy_buf_size;
| 	b->yy_is_interactive = 0;
| 	b->yy_at_bol = 1;
| 	b->yy_fill_buffer = 0;
| 	b->yy_buffer_status = YY_BUFFER_NEW;
| 
| 	yy_switch_to_buffer(b  );
| 
| 	return b;
| }
| 
| /** Setup the input buffer state to scan a string. The next call to yylex() will
|  * scan from a @e copy of @a str.
|  * @param yystr a NUL-terminated string to scan
|  * 
|  * @return the newly allocated buffer state object.
|  * @note If you want to scan bytes that may contain NUL values, then use
|  *       yy_scan_bytes() instead.
|  */
| YY_BUFFER_STATE yy_scan_string (yyconst char * yystr )
| {
|     
| 	return yy_scan_bytes(yystr,strlen(yystr) );
| }
| 
| /** Setup the input buffer state to scan the given bytes. The next call to yylex() will
|  * scan from a @e copy of @a bytes.
|  * @param yybytes the byte buffer to scan
|  * @param _yybytes_len the number of bytes in the buffer pointed to by @a bytes.
|  * 
|  * @return the newly allocated buffer state object.
|  */
| YY_BUFFER_STATE yy_scan_bytes  (yyconst char * yybytes, yy_size_t  _yybytes_len )
| {
| 	YY_BUFFER_STATE b;
| 	char *buf;
| 	yy_size_t n;
| 	yy_size_t i;
|     
| 	/* Get memory for full buffer, including space for trailing EOB's. */
| 	n = _yybytes_len + 2;
| 	buf = (char *) yyalloc(n  );
| 	if ( ! buf )
| 		YY_FATAL_ERROR( "out of dynamic memory in yy_scan_bytes()" );
| 
| 	for ( i = 0; i < _yybytes_len; ++i )
| 		buf[i] = yybytes[i];
| 
| 	buf[_yybytes_len] = buf[_yybytes_len+1] = YY_END_OF_BUFFER_CHAR;
| 
| 	b = yy_scan_buffer(buf,n );
| 	if ( ! b )
| 		YY_FATAL_ERROR( "bad buffer in yy_scan_bytes()" );
| 
| 	/* It's okay to grow etc. this buffer, and we should throw it
| 	 * away when we're done.
| 	 */
| 	b->yy_is_our_buffer = 1;
| 
| 	return b;
| }
| 
| #ifndef YY_EXIT_FAILURE
| #define YY_EXIT_FAILURE 2
| #endif
| 
| static void yy_fatal_error (yyconst char* msg )
| {
|     	(void) fprintf( stderr, "%s\n", msg );
| 	exit( YY_EXIT_FAILURE );
| }
| 
| /* Redefine yyless() so it works in section 3 code. */
| 
| #undef yyless
| #define yyless(n) \
| 	do \
| 		{ \
| 		/* Undo effects of setting up yytext. */ \
|         int yyless_macro_arg = (n); \
|         YY_LESS_LINENO(yyless_macro_arg);\
| 		yytext[yyleng] = (yy_hold_char); \
| 		(yy_c_buf_p) = yytext + yyless_macro_arg; \
| 		(yy_hold_char) = *(yy_c_buf_p); \
| 		*(yy_c_buf_p) = '\0'; \
| 		yyleng = yyless_macro_arg; \
| 		} \
| 	while ( 0 )
| 
| /* Accessor  methods (get/set functions) to struct members. */
| 
| /** Get the current line number.
|  * 
|  */
| int yyget_lineno  (void)
| {
|         
|     return yylineno;
| }
| 
| /** Get the input stream.
|  * 
|  */
| FILE *yyget_in  (void)
| {
|         return yyin;
| }
| 
| /** Get the output stream.
|  * 
|  */
| FILE *yyget_out  (void)
| {
|         return yyout;
| }
| 
| /** Get the length of the current token.
|  * 
|  */
| yy_size_t yyget_leng  (void)
| {
|         return yyleng;
| }
| 
| /** Get the current token.
|  * 
|  */
| 
| char *yyget_text  (void)
| {
|         return yytext;
| }
| 
| /** Set the current line number.
|  * @param line_number
|  * 
|  */
| void yyset_lineno (int  line_number )
| {
|     
|     yylineno = line_number;
| }
| 
| /** Set the input stream. This does not discard the current
|  * input buffer.
|  * @param in_str A readable stream.
|  * 
|  * @see yy_switch_to_buffer
|  */
| void yyset_in (FILE *  in_str )
| {
|         yyin = in_str ;
| }
| 
| void yyset_out (FILE *  out_str )
| {
|         yyout = out_str ;
| }
| 
| int yyget_debug  (void)
| {
|         return yy_flex_debug;
| }
| 
| void yyset_debug (int  bdebug )
| {
|         yy_flex_debug = bdebug ;
| }
| 
| static int yy_init_globals (void)
| {
|         /* Initialization is the same as for the non-reentrant scanner.
|      * This function is called from yylex_destroy(), so don't allocate here.
|      */
| 
|     (yy_buffer_stack) = 0;
|     (yy_buffer_stack_top) = 0;
|     (yy_buffer_stack_max) = 0;
|     (yy_c_buf_p) = (char *) 0;
|     (yy_init) = 0;
|     (yy_start) = 0;
| 
|     (yy_state_buf) = 0;
|     (yy_state_ptr) = 0;
|     (yy_full_match) = 0;
|     (yy_lp) = 0;
| 
| /* Defined in main.c */
| #ifdef YY_STDINIT
|     yyin = stdin;
|     yyout = stdout;
| #else
|     yyin = (FILE *) 0;
|     yyout = (FILE *) 0;
| #endif
| 
|     /* For future reference: Set errno on error, since we are called by
|      * yylex_init()
|      */
|     return 0;
| }
| 
| /* yylex_destroy is for both reentrant and non-reentrant scanners. */
| int yylex_destroy  (void)
| {
|     
|     /* Pop the buffer stack, destroying each element. */
| 	while(YY_CURRENT_BUFFER){
| 		yy_delete_buffer(YY_CURRENT_BUFFER  );
| 		YY_CURRENT_BUFFER_LVALUE = NULL;
| 		yypop_buffer_state();
| 	}
| 
| 	/* Destroy the stack itself. */
| 	yyfree((yy_buffer_stack) );
| 	(yy_buffer_stack) = NULL;
| 
|     yyfree ( (yy_state_buf) );
|     (yy_state_buf)  = NULL;
| 
|     /* Reset the globals. This is important in a non-reentrant scanner so the next time
|      * yylex() is called, initialization will occur. */
|     yy_init_globals( );
| 
|     return 0;
| }
| 
| /*
|  * Internal utility routines.
|  */
| 
| #ifndef yytext_ptr
| static void yy_flex_strncpy (char* s1, yyconst char * s2, int n )
| {
| 	register int i;
| 	for ( i = 0; i < n; ++i )
| 		s1[i] = s2[i];
| }
| #endif
| 
| #ifdef YY_NEED_STRLEN
| static int yy_flex_strlen (yyconst char * s )
| {
| 	register int n;
| 	for ( n = 0; s[n]; ++n )
| 		;
| 
| 	return n;
| }
| #endif
| 
| void *yyalloc (yy_size_t  size )
| {
| 	return (void *) malloc( size );
| }
| 
| void *yyrealloc  (void * ptr, yy_size_t  size )
| {
| 	/* The cast to (char *) in the following accommodates both
| 	 * implementations that use char* generic pointers, and those
| 	 * that use void* generic pointers.  It works with the latter
| 	 * because both ANSI C and C++ allow castless assignment from
| 	 * any pointer type to void*, and deal with argument conversions
| 	 * as though doing an assignment.
| 	 */
| 	return (void *) realloc( (char *) ptr, size );
| }
| 
| void yyfree (void * ptr )
| {
| 	free( (char *) ptr );	/* see yyrealloc() for (char *) cast */
| }
| 
| #define YYTABLES_NAME "yytables"
| 
| #line 10 "conftest.l"
| 
| 
| #ifdef YYTEXT_POINTER
| extern char *yytext;
| #endif
| int
| main (void)
| {
|   return ! yylex () + ! yywrap ();
| }
configure:13357: result: no
configure:13369: checking for bison
configure:13387: found /usr/bin/bison
configure:13399: result: /usr/bin/bison
configure:13410: checking ieeefp.h usability
configure:13410: gcc -c -std=gnu11 -g -O2 -fno-math-errno -fno-signed-zeros -I/usr/local/gmp/include -I/usr/local/proj/includ conftest.c >&5
conftest.c:57:10: fatal error: ieeefp.h: No such file or directory
   57 | #include <ieeefp.h>
      |          ^~~~~~~~~~
compilation terminated.
configure:13410: $? = 1
configure: failed program was:
| /* confdefs.h */
| #define PACKAGE_NAME "postgis"
| #define PACKAGE_TARNAME "postgis"
| #define PACKAGE_VERSION "3.7 "
| #define PACKAGE_STRING "postgis 3.7 "
| #define PACKAGE_BUGREPORT ""
| #define PACKAGE_URL ""
| #define STDC_HEADERS 1
| #define HAVE_SYS_TYPES_H 1
| #define HAVE_SYS_STAT_H 1
| #define HAVE_STDLIB_H 1
| #define HAVE_STRING_H 1
| #define HAVE_MEMORY_H 1
| #define HAVE_STRINGS_H 1
| #define HAVE_INTTYPES_H 1
| #define HAVE_STDINT_H 1
| #define HAVE_UNISTD_H 1
| #define HAVE_DLFCN_H 1
| #define LT_OBJDIR ".libs/"
| #define POSTGIS_MAJOR_VERSION "3"
| #define POSTGIS_MINOR_VERSION "7"
| #define POSTGIS_MICRO_VERSION "0dev"
| /* end confdefs.h.  */
| #include <stdio.h>
| #ifdef HAVE_SYS_TYPES_H
| # include <sys/types.h>
| #endif
| #ifdef HAVE_SYS_STAT_H
| # include <sys/stat.h>
| #endif
| #ifdef STDC_HEADERS
| # include <stdlib.h>
| # include <stddef.h>
| #else
| # ifdef HAVE_STDLIB_H
| #  include <stdlib.h>
| # endif
| #endif
| #ifdef HAVE_STRING_H
| # if !defined STDC_HEADERS && defined HAVE_MEMORY_H
| #  include <memory.h>
| # endif
| # include <string.h>
| #endif
| #ifdef HAVE_STRINGS_H
| # include <strings.h>
| #endif
| #ifdef HAVE_INTTYPES_H
| # include <inttypes.h>
| #endif
| #ifdef HAVE_STDINT_H
| # include <stdint.h>
| #endif
| #ifdef HAVE_UNISTD_H
| # include <unistd.h>
| #endif
| #include <ieeefp.h>
configure:13410: result: no
configure:13410: checking ieeefp.h presence
configure:13410: gcc -E -I/usr/local/gmp/include -I/usr/local/proj/includ conftest.c
conftest.c:24:10: fatal error: ieeefp.h: No such file or directory
   24 | #include <ieeefp.h>
      |          ^~~~~~~~~~
compilation terminated.
configure:13410: $? = 1
configure: failed program was:
| /* confdefs.h */
| #define PACKAGE_NAME "postgis"
| #define PACKAGE_TARNAME "postgis"
| #define PACKAGE_VERSION "3.7 "
| #define PACKAGE_STRING "postgis 3.7 "
| #define PACKAGE_BUGREPORT ""
| #define PACKAGE_URL ""
| #define STDC_HEADERS 1
| #define HAVE_SYS_TYPES_H 1
| #define HAVE_SYS_STAT_H 1
| #define HAVE_STDLIB_H 1
| #define HAVE_STRING_H 1
| #define HAVE_MEMORY_H 1
| #define HAVE_STRINGS_H 1
| #define HAVE_INTTYPES_H 1
| #define HAVE_STDINT_H 1
| #define HAVE_UNISTD_H 1
| #define HAVE_DLFCN_H 1
| #define LT_OBJDIR ".libs/"
| #define POSTGIS_MAJOR_VERSION "3"
| #define POSTGIS_MINOR_VERSION "7"
| #define POSTGIS_MICRO_VERSION "0dev"
| /* end confdefs.h.  */
| #include <ieeefp.h>
configure:13410: result: no
configure:13410: checking for ieeefp.h
configure:13410: result: no
configure:13423: checking termios.h usability
configure:13423: gcc -c -std=gnu11 -g -O2 -fno-math-errno -fno-signed-zeros -I/usr/local/gmp/include -I/usr/local/proj/includ conftest.c >&5
configure:13423: $? = 0
configure:13423: result: yes
configure:13423: checking termios.h presence
configure:13423: gcc -E -I/usr/local/gmp/include -I/usr/local/proj/includ conftest.c
configure:13423: $? = 0
configure:13423: result: yes
configure:13423: checking for termios.h
configure:13423: result: yes
configure:13438: checking for vasprintf
configure:13438: gcc -o conftest -std=gnu11 -g -O2 -fno-math-errno -fno-signed-zeros -I/usr/local/gmp/include -I/usr/local/proj/includ -L/usr/local/gmp/lib  -L/usr/local/proj/lib64 -lm conftest.c -lgmp >&5
configure:13438: $? = 0
configure:13438: result: yes
configure:13444: checking for asprintf
configure:13444: gcc -o conftest -std=gnu11 -g -O2 -fno-math-errno -fno-signed-zeros -I/usr/local/gmp/include -I/usr/local/proj/includ -L/usr/local/gmp/lib  -L/usr/local/proj/lib64 -lm conftest.c -lgmp >&5
configure:13444: $? = 0
configure:13444: result: yes
configure:13450: checking for _LARGEFILE_SOURCE value needed for large files
configure:13469: gcc -o conftest -std=gnu11 -g -O2 -fno-math-errno -fno-signed-zeros -I/usr/local/gmp/include -I/usr/local/proj/includ -L/usr/local/gmp/lib  -L/usr/local/proj/lib64 -lm conftest.c -lgmp >&5
configure:13469: $? = 0
configure:13497: result: no
configure:13540: checking for codespell
configure:13573: result: no
configure:13579: WARNING: codespell is not installed so spelling cannot be checked
configure:13586: checking for perl
configure:13604: found /usr/bin/perl
configure:13616: result: /usr/bin/perl
configure:13634: checking for xsltproc
configure:13652: found /usr/bin/xsltproc
configure:13664: result: /usr/bin/xsltproc
configure:13680: checking for xmlcatalog
configure:13698: found /usr/bin/xmlcatalog
configure:13710: result: /usr/bin/xmlcatalog
configure:13725: checking for xmllint
configure:13743: found /usr/bin/xmllint
configure:13755: result: /usr/bin/xmllint
configure:13773: checking for xml2pot
configure:13806: result: no
configure:13812: WARNING: xml2pot is not installed so translation template cannot be updated
configure:13818: checking for msgmerge
configure:13851: result: no
configure:13857: WARNING: msgmerge is not installed so translations cannot be updated
configure:13863: checking for msgcat
configure:13896: result: no
configure:13902: WARNING: msgcat is not installed so translation templates cannot be updated
configure:13908: checking for msgcomm
configure:13941: result: no
configure:13947: WARNING: msgcomm is not installed so translations cannot be updated
configure:13953: checking for msgattrib
configure:13986: result: no
configure:13992: WARNING: msgattrib is not installed so translations cannot be updated
configure:13998: checking for msginit
configure:14031: result: no
configure:14037: WARNING: msginit is not installed so new translations cannot be initialized
configure:14045: checking for convert
configure:14078: result: no
configure:14084: WARNING: ImageMagick does not seem to be installed. Documentation cannot be built
configure:14091: checking for dblatex
configure:14124: result: no
configure:14130: WARNING: dblatex is not installed so PDF documentation cannot be built
configure:14141: checking for dbtoepub
configure:14174: result: no
configure:14180: WARNING: dbtoepub is not installed so EPUB documentation cannot be built
configure:14228: checking for xhtml5/docbook.xsl in URI http://cdn.docbook.org/release/xsl/current...
configure:14236: result: not found
configure:14228: checking for xhtml5/docbook.xsl in URI https://cdn.docbook.org/release/xsl/current...
configure:14236: result: not found
configure:14228: checking for xhtml5/docbook.xsl in URI http://docbook.sourceforge.net/release/xsl-ns/current...
configure:14236: result: not found
configure:14215: checking for xhtml5/docbook.xsl in directory /usr/share/sgml/docbook/xsl-stylesheets...
configure:14223: result: not found
configure:14215: checking for xhtml5/docbook.xsl in directory /usr/share/xml/docbook/stylesheet/docbook-xsl-ns...
configure:14223: result: not found
configure:14215: checking for xhtml5/docbook.xsl in directory /usr/share/xml/docbook/stylesheet/docbook-xsl...
configure:14223: result: not found
configure:14215: checking for xhtml5/docbook.xsl in directory /usr/share/xml/docbook/stylesheet/nwalsh...
configure:14223: result: not found
configure:14215: checking for xhtml5/docbook.xsl in directory /usr/share/sgml/docbook/stylesheet/xsl/nwalsh...
configure:14223: result: not found
configure:14215: checking for xhtml5/docbook.xsl in directory /opt/local/share/xsl/docbook-xsl...
configure:14223: result: not found
configure:14215: checking for xhtml5/docbook.xsl in directory /usr/local/opt/docbook-xsl/docbook-xsl...
configure:14223: result: not found
configure:14215: checking for xhtml5/docbook.xsl in directory /usr/local/share/xsl/docbook-xsl...
configure:14223: result: not found
configure:14215: checking for xhtml5/docbook.xsl in directory /usr/share/xsl/docbook-xsl...
configure:14223: result: not found
configure:14244: WARNING: could not locate Docbook stylesheets required to build the html documentation
configure:14341: checking for pkg-config
configure:14359: found /usr/bin/pkg-config
configure:14371: result: /usr/bin/pkg-config
configure:14396: checking pkg-config is at least version 0.9.0
configure:14399: result: yes
configure:14419: checking for CUNIT
configure:14426: $PKG_CONFIG --exists --print-errors "cunit"
Package cunit was not found in the pkg-config search path.
Perhaps you should add the directory containing `cunit.pc'
to the PKG_CONFIG_PATH environment variable
No package 'cunit' found
configure:14429: $? = 1
configure:14443: $PKG_CONFIG --exists --print-errors "cunit"
Package cunit was not found in the pkg-config search path.
Perhaps you should add the directory containing `cunit.pc'
to the PKG_CONFIG_PATH environment variable
No package 'cunit' found
configure:14446: $? = 1
configure:14460: result: no
No package 'cunit' found
configure:14476: WARNING: could not locate CUnit required for unit tests
configure:14580: checking iconv.h usability
configure:14580: gcc -c -std=gnu11 -g -O2 -fno-math-errno -fno-signed-zeros -I/usr/local/gmp/include -I/usr/local/proj/includ conftest.c >&5
configure:14580: $? = 0
configure:14580: result: yes
configure:14580: checking iconv.h presence
configure:14580: gcc -E -I/usr/local/gmp/include -I/usr/local/proj/includ conftest.c
configure:14580: $? = 0
configure:14580: result: yes
configure:14580: checking for iconv.h
configure:14580: result: yes
configure:14588: checking for libiconv_open in -liconv
configure:14613: gcc -o conftest -std=gnu11 -g -O2 -fno-math-errno -fno-signed-zeros -I/usr/local/gmp/include -I/usr/local/proj/includ -L/usr/local/gmp/lib  -L/usr/local/proj/lib64 -lm conftest.c -liconv  -lgmp >&5
/opt/rh/devtoolset-11/root/usr/libexec/gcc/x86_64-redhat-linux/11/ld: cannot find -liconv
collect2: error: ld returned 1 exit status
configure:14613: $? = 1
configure: failed program was:
| /* confdefs.h */
| #define PACKAGE_NAME "postgis"
| #define PACKAGE_TARNAME "postgis"
| #define PACKAGE_VERSION "3.7 "
| #define PACKAGE_STRING "postgis 3.7 "
| #define PACKAGE_BUGREPORT ""
| #define PACKAGE_URL ""
| #define STDC_HEADERS 1
| #define HAVE_SYS_TYPES_H 1
| #define HAVE_SYS_STAT_H 1
| #define HAVE_STDLIB_H 1
| #define HAVE_STRING_H 1
| #define HAVE_MEMORY_H 1
| #define HAVE_STRINGS_H 1
| #define HAVE_INTTYPES_H 1
| #define HAVE_STDINT_H 1
| #define HAVE_UNISTD_H 1
| #define HAVE_DLFCN_H 1
| #define LT_OBJDIR ".libs/"
| #define POSTGIS_MAJOR_VERSION "3"
| #define POSTGIS_MINOR_VERSION "7"
| #define POSTGIS_MICRO_VERSION "0dev"
| #define HAVE_IEEEFP_H 0
| #define HAVE_TERMIOS_H 1
| #define HAVE_VASPRINTF 1
| #define HAVE_ASPRINTF 1
| #define HAVE_FSEEKO 1
| /* end confdefs.h.  */
| 
| /* Override any GCC internal prototype to avoid an error.
|    Use char because int might match the return type of a GCC
|    builtin and then its argument prototype would still apply.  */
| #ifdef __cplusplus
| extern "C"
| #endif
| char libiconv_open ();
| int
| main ()
| {
| return libiconv_open ();
|   ;
|   return 0;
| }
configure:14622: result: no
configure:14629: checking for iconv_open in -lc
configure:14654: gcc -o conftest -std=gnu11 -g -O2 -fno-math-errno -fno-signed-zeros -I/usr/local/gmp/include -I/usr/local/proj/includ -L/usr/local/gmp/lib  -L/usr/local/proj/lib64 -lm conftest.c -lc  -lgmp >&5
configure:14654: $? = 0
configure:14663: result: yes
configure:14722: checking for iconvctl
configure:14722: gcc -o conftest -std=gnu11 -g -O2 -fno-math-errno -fno-signed-zeros -I/usr/local/gmp/include -I/usr/local/proj/includ -L/usr/local/gmp/lib  -L/usr/local/proj/lib64 -lm conftest.c -lgmp >&5
/opt/rh/devtoolset-11/root/usr/libexec/gcc/x86_64-redhat-linux/11/ld: /tmp/ccYlackZ.o: in function `main':
/home/wangbin/work/postgis/conftest.c:63: undefined reference to `iconvctl'
collect2: error: ld returned 1 exit status
configure:14722: $? = 1
configure: failed program was:
| /* confdefs.h */
| #define PACKAGE_NAME "postgis"
| #define PACKAGE_TARNAME "postgis"
| #define PACKAGE_VERSION "3.7 "
| #define PACKAGE_STRING "postgis 3.7 "
| #define PACKAGE_BUGREPORT ""
| #define PACKAGE_URL ""
| #define STDC_HEADERS 1
| #define HAVE_SYS_TYPES_H 1
| #define HAVE_SYS_STAT_H 1
| #define HAVE_STDLIB_H 1
| #define HAVE_STRING_H 1
| #define HAVE_MEMORY_H 1
| #define HAVE_STRINGS_H 1
| #define HAVE_INTTYPES_H 1
| #define HAVE_STDINT_H 1
| #define HAVE_UNISTD_H 1
| #define HAVE_DLFCN_H 1
| #define LT_OBJDIR ".libs/"
| #define POSTGIS_MAJOR_VERSION "3"
| #define POSTGIS_MINOR_VERSION "7"
| #define POSTGIS_MICRO_VERSION "0dev"
| #define HAVE_IEEEFP_H 0
| #define HAVE_TERMIOS_H 1
| #define HAVE_VASPRINTF 1
| #define HAVE_ASPRINTF 1
| #define HAVE_FSEEKO 1
| /* end confdefs.h.  */
| /* Define iconvctl to an innocuous variant, in case <limits.h> declares iconvctl.
|    For example, HP-UX 11i <limits.h> declares gettimeofday.  */
| #define iconvctl innocuous_iconvctl
| 
| /* System header to define __stub macros and hopefully few prototypes,
|     which can conflict with char iconvctl (); below.
|     Prefer <limits.h> to <assert.h> if __STDC__ is defined, since
|     <limits.h> exists even on freestanding compilers.  */
| 
| #ifdef __STDC__
| # include <limits.h>
| #else
| # include <assert.h>
| #endif
| 
| #undef iconvctl
| 
| /* Override any GCC internal prototype to avoid an error.
|    Use char because int might match the return type of a GCC
|    builtin and then its argument prototype would still apply.  */
| #ifdef __cplusplus
| extern "C"
| #endif
| char iconvctl ();
| /* The GNU C library defines this for functions which it implements
|     to always fail with ENOSYS.  Some functions are actually named
|     something starting with __ and the normal name is an alias.  */
| #if defined __stub_iconvctl || defined __stub___iconvctl
| choke me
| #endif
| 
| int
| main ()
| {
| return iconvctl ();
|   ;
|   return 0;
| }
configure:14722: result: no
configure:14722: checking for libiconvctl
configure:14722: gcc -o conftest -std=gnu11 -g -O2 -fno-math-errno -fno-signed-zeros -I/usr/local/gmp/include -I/usr/local/proj/includ -L/usr/local/gmp/lib  -L/usr/local/proj/lib64 -lm conftest.c -lgmp >&5
/opt/rh/devtoolset-11/root/usr/libexec/gcc/x86_64-redhat-linux/11/ld: /tmp/ccyuqcP5.o: in function `main':
/home/wangbin/work/postgis/conftest.c:63: undefined reference to `libiconvctl'
collect2: error: ld returned 1 exit status
configure:14722: $? = 1
configure: failed program was:
| /* confdefs.h */
| #define PACKAGE_NAME "postgis"
| #define PACKAGE_TARNAME "postgis"
| #define PACKAGE_VERSION "3.7 "
| #define PACKAGE_STRING "postgis 3.7 "
| #define PACKAGE_BUGREPORT ""
| #define PACKAGE_URL ""
| #define STDC_HEADERS 1
| #define HAVE_SYS_TYPES_H 1
| #define HAVE_SYS_STAT_H 1
| #define HAVE_STDLIB_H 1
| #define HAVE_STRING_H 1
| #define HAVE_MEMORY_H 1
| #define HAVE_STRINGS_H 1
| #define HAVE_INTTYPES_H 1
| #define HAVE_STDINT_H 1
| #define HAVE_UNISTD_H 1
| #define HAVE_DLFCN_H 1
| #define LT_OBJDIR ".libs/"
| #define POSTGIS_MAJOR_VERSION "3"
| #define POSTGIS_MINOR_VERSION "7"
| #define POSTGIS_MICRO_VERSION "0dev"
| #define HAVE_IEEEFP_H 0
| #define HAVE_TERMIOS_H 1
| #define HAVE_VASPRINTF 1
| #define HAVE_ASPRINTF 1
| #define HAVE_FSEEKO 1
| /* end confdefs.h.  */
| /* Define libiconvctl to an innocuous variant, in case <limits.h> declares libiconvctl.
|    For example, HP-UX 11i <limits.h> declares gettimeofday.  */
| #define libiconvctl innocuous_libiconvctl
| 
| /* System header to define __stub macros and hopefully few prototypes,
|     which can conflict with char libiconvctl (); below.
|     Prefer <limits.h> to <assert.h> if __STDC__ is defined, since
|     <limits.h> exists even on freestanding compilers.  */
| 
| #ifdef __STDC__
| # include <limits.h>
| #else
| # include <assert.h>
| #endif
| 
| #undef libiconvctl
| 
| /* Override any GCC internal prototype to avoid an error.
|    Use char because int might match the return type of a GCC
|    builtin and then its argument prototype would still apply.  */
| #ifdef __cplusplus
| extern "C"
| #endif
| char libiconvctl ();
| /* The GNU C library defines this for functions which it implements
|     to always fail with ENOSYS.  Some functions are actually named
|     something starting with __ and the normal name is an alias.  */
| #if defined __stub_libiconvctl || defined __stub___libiconvctl
| choke me
| #endif
| 
| int
| main ()
| {
| return libiconvctl ();
|   ;
|   return 0;
| }
configure:14722: result: no
configure:14813: result: Using user-specified pg_config file: /home/wangbin/pgsql_trace/bin/pg_config
configure:14846: result: checking PostgreSQL version... PostgreSQL 18.4_v1
configure:14900: checking libpq-fe.h usability
configure:14900: gcc -c -std=gnu11 -g -O2 -fno-math-errno -fno-signed-zeros -I/home/wangbin/pgsql_trace/include conftest.c >&5
configure:14900: $? = 0
configure:14900: result: yes
configure:14900: checking libpq-fe.h presence
configure:14900: gcc -E -I/home/wangbin/pgsql_trace/include conftest.c
configure:14900: $? = 0
configure:14900: result: yes
configure:14900: checking for libpq-fe.h
configure:14900: result: yes
configure:14919: checking for PQserverVersion in -lpq
configure:14944: gcc -o conftest -Wall -Wmissing-prototypes -Wpointer-arith -Wdeclaration-after-statement -Werror=vla -Wendif-labels -Wmissing-format-attribute -Wimplicit-fallthrough=3 -Wcast-function-type -Wshadow=compatible-local -Wformat-security -fno-strict-aliasing -fwrapv -fexcess-precision=standard -Wno-format-truncation -Wno-stringop-truncation -g -fno-omit-frame-pointer -Wno-missing-braces -I/usr/local/gmp/include -I/usr/local/proj/includ -L/usr/local/gmp/lib  -L/usr/local/proj/lib64 -lm conftest.c -lpq  -L/home/wangbin/pgsql_trace/lib -lpq >&5
configure:14944: $? = 0
configure:14953: result: yes
configure:15022: checking for xml2-config
configure:15040: found /usr/bin/xml2-config
configure:15052: result: /usr/bin/xml2-config
configure:15250: checking libxml/tree.h usability
configure:15250: gcc -c -std=gnu11 -g -O2 -fno-math-errno -fno-signed-zeros -I/usr/include/libxml2 conftest.c >&5
configure:15250: $? = 0
configure:15250: result: yes
configure:15250: checking libxml/tree.h presence
configure:15250: gcc -E -I/usr/include/libxml2 conftest.c
configure:15250: $? = 0
configure:15250: result: yes
configure:15250: checking for libxml/tree.h
configure:15250: result: yes
configure:15250: checking libxml/parser.h usability
configure:15250: gcc -c -std=gnu11 -g -O2 -fno-math-errno -fno-signed-zeros -I/usr/include/libxml2 conftest.c >&5
configure:15250: $? = 0
configure:15250: result: yes
configure:15250: checking libxml/parser.h presence
configure:15250: gcc -E -I/usr/include/libxml2 conftest.c
configure:15250: $? = 0
configure:15250: result: yes
configure:15250: checking for libxml/parser.h
configure:15250: result: yes
configure:15250: checking libxml/xpath.h usability
configure:15250: gcc -c -std=gnu11 -g -O2 -fno-math-errno -fno-signed-zeros -I/usr/include/libxml2 conftest.c >&5
configure:15250: $? = 0
configure:15250: result: yes
configure:15250: checking libxml/xpath.h presence
configure:15250: gcc -E -I/usr/include/libxml2 conftest.c
configure:15250: $? = 0
configure:15250: result: yes
configure:15250: checking for libxml/xpath.h
configure:15250: result: yes
configure:15250: checking libxml/xpathInternals.h usability
configure:15250: gcc -c -std=gnu11 -g -O2 -fno-math-errno -fno-signed-zeros -I/usr/include/libxml2 conftest.c >&5
configure:15250: $? = 0
configure:15250: result: yes
configure:15250: checking libxml/xpathInternals.h presence
configure:15250: gcc -E -I/usr/include/libxml2 conftest.c
configure:15250: $? = 0
configure:15250: result: yes
configure:15250: checking for libxml/xpathInternals.h
configure:15250: result: yes
configure:15266: checking for xmlInitParser in -lxml2
configure:15291: gcc -o conftest -std=gnu11 -g -O2 -fno-math-errno -fno-signed-zeros -I/usr/local/gmp/include -I/usr/local/proj/includ -L/usr/local/gmp/lib  -L/usr/local/proj/lib64 -lm conftest.c -lxml2  -lxml2 -lz -lm -ldl >&5
configure:15291: $? = 0
configure:15300: result: yes
configure:15339: checking that /usr/local/geos/bin/geos-config exists
configure:15342: result: yes
configure:15344: checking that /usr/local/geos/bin/geos-config is executable
configure:15347: result: yes
configure:15510: checking GEOS version
configure:15512: result: 3.12.1
configure:15515: checking GEOS numeric version
configure:15517: result: 31201
configure:15520: checking GEOS link flags
configure:15522: result: -L/usr/local/geos/lib64 -lgeos_c
configure:15525: checking GEOS compile flags
configure:15527: result: -I/usr/local/geos/include
configure:15530: checking GEOS version is supported
configure:15533: result: yes
configure:15558: checking geos_c.h usability
configure:15558: gcc -c -std=gnu11 -g -O2 -fno-math-errno -fno-signed-zeros -I/usr/local/geos/include conftest.c >&5
configure:15558: $? = 0
configure:15558: result: yes
configure:15558: checking geos_c.h presence
configure:15558: gcc -E -I/usr/local/geos/include conftest.c
configure:15558: $? = 0
configure:15558: result: yes
configure:15558: checking for geos_c.h
configure:15558: result: yes
configure:15570: checking for initGEOS in -lgeos_c
configure:15595: gcc -o conftest -std=gnu11 -g -O2 -fno-math-errno -fno-signed-zeros -I/usr/local/gmp/include -I/usr/local/proj/includ -L/usr/local/gmp/lib  -L/usr/local/proj/lib64 -lm conftest.c -lgeos_c  -L/usr/local/geos/lib64 -lgeos_c >&5
configure:15595: $? = 0
configure:15604: result: yes
configure:15631: checking for GMP
configure:15638: $PKG_CONFIG --exists --print-errors "gmp"
configure:15641: $? = 0
configure:15655: $PKG_CONFIG --exists --print-errors "gmp"
configure:15658: $? = 0
configure:15696: result: yes
configure:15727: checking for sfcgal-config
configure:15760: result: no
configure:15840: checking whether make sets $(MAKE)
configure:15862: result: yes
configure:15871: checking for a thread-safe mkdir -p
configure:15910: result: /usr/bin/mkdir -p
configure:15914: checking whether NLS is requested
configure:15923: result: yes
configure:15963: checking for msgfmt
configure:15998: result: no
configure:16004: checking for gmsgfmt
configure:16035: result: :
configure:16080: checking for xgettext
configure:16115: result: no
configure:16157: checking for msgmerge
configure:16191: result: no
configure:16252: checking for ld
configure:16380: result: /opt/rh/devtoolset-11/root/usr/libexec/gcc/x86_64-redhat-linux/11/ld
configure:16387: checking if the linker (/opt/rh/devtoolset-11/root/usr/libexec/gcc/x86_64-redhat-linux/11/ld) is GNU ld
configure:16402: result: yes
configure:16409: checking for shared library run path origin
configure:16422: result: done
configure:16443: checking 32-bit host C ABI
configure:16509: gcc -c -std=gnu11 -g -O2 -fno-math-errno -fno-signed-zeros -I/usr/local/gmp/include -I/usr/local/proj/includ conftest.c >&5
configure:16509: $? = 0
configure:16696: result: no
configure:16705: checking for ELF binary format
configure:16727: result: yes
configure:16776: checking for the common suffixes of directories in the library search path
configure:16844: result: lib,lib,lib64
configure:17361: checking for CFPreferencesCopyAppValue
configure:17379: gcc -o conftest -std=gnu11 -g -O2 -fno-math-errno -fno-signed-zeros -I/usr/local/gmp/include -I/usr/local/proj/includ -L/usr/local/gmp/lib  -L/usr/local/proj/lib64 -lm conftest.c -lgmp -Wl,-framework -Wl,CoreFoundation >&5
conftest.c:43:10: fatal error: CoreFoundation/CFPreferences.h: No such file or directory
   43 | #include <CoreFoundation/CFPreferences.h>
      |          ^~~~~~~~~~~~~~~~~~~~~~~~~~~~~~~~
compilation terminated.
configure:17379: $? = 1
configure: failed program was:
| /* confdefs.h */
| #define PACKAGE_NAME "postgis"
| #define PACKAGE_TARNAME "postgis"
| #define PACKAGE_VERSION "3.7 "
| #define PACKAGE_STRING "postgis 3.7 "
| #define PACKAGE_BUGREPORT ""
| #define PACKAGE_URL ""
| #define STDC_HEADERS 1
| #define HAVE_SYS_TYPES_H 1
| #define HAVE_SYS_STAT_H 1
| #define HAVE_STDLIB_H 1
| #define HAVE_STRING_H 1
| #define HAVE_MEMORY_H 1
| #define HAVE_STRINGS_H 1
| #define HAVE_INTTYPES_H 1
| #define HAVE_STDINT_H 1
| #define HAVE_UNISTD_H 1
| #define HAVE_DLFCN_H 1
| #define LT_OBJDIR ".libs/"
| #define POSTGIS_MAJOR_VERSION "3"
| #define POSTGIS_MINOR_VERSION "7"
| #define POSTGIS_MICRO_VERSION "0dev"
| #define HAVE_IEEEFP_H 0
| #define HAVE_TERMIOS_H 1
| #define HAVE_VASPRINTF 1
| #define HAVE_ASPRINTF 1
| #define HAVE_FSEEKO 1
| #define HAVE_ICONV 1
| #define PGSQL_LOCALEDIR "/home/wangbin/pgsql_trace/share/locale"
| #define HAVE_LIBPQ 1
| #define POSTGIS_PGSQL_VERSION 180
| #define POSTGIS_PGSQL_HR_VERSION 18.0
| #define HAVE_LIBXML_TREE_H 1
| #define HAVE_LIBXML_PARSER_H 1
| #define HAVE_LIBXML_XPATH_H 1
| #define HAVE_LIBXML_XPATHINTERNALS_H 1
| #define HAVE_LIBXML2 1
| #define POSTGIS_LIBXML2_VERSION "2.9.1"
| #define HAVE_LIBGEOS_C 1
| #define POSTGIS_GEOS_VERSION 31201
| #define HAVE_LIBGMP 1
| /* end confdefs.h.  */
| #include <CoreFoundation/CFPreferences.h>
| int
| main ()
| {
| CFPreferencesCopyAppValue(NULL, NULL)
|   ;
|   return 0;
| }
configure:17388: result: no
configure:17395: checking for CFLocaleCopyPreferredLanguages
configure:17413: gcc -o conftest -std=gnu11 -g -O2 -fno-math-errno -fno-signed-zeros -I/usr/local/gmp/include -I/usr/local/proj/includ -L/usr/local/gmp/lib  -L/usr/local/proj/lib64 -lm conftest.c -lgmp -Wl,-framework -Wl,CoreFoundation >&5
conftest.c:43:10: fatal error: CoreFoundation/CFLocale.h: No such file or directory
   43 | #include <CoreFoundation/CFLocale.h>
      |          ^~~~~~~~~~~~~~~~~~~~~~~~~~~
compilation terminated.
configure:17413: $? = 1
configure: failed program was:
| /* confdefs.h */
| #define PACKAGE_NAME "postgis"
| #define PACKAGE_TARNAME "postgis"
| #define PACKAGE_VERSION "3.7 "
| #define PACKAGE_STRING "postgis 3.7 "
| #define PACKAGE_BUGREPORT ""
| #define PACKAGE_URL ""
| #define STDC_HEADERS 1
| #define HAVE_SYS_TYPES_H 1
| #define HAVE_SYS_STAT_H 1
| #define HAVE_STDLIB_H 1
| #define HAVE_STRING_H 1
| #define HAVE_MEMORY_H 1
| #define HAVE_STRINGS_H 1
| #define HAVE_INTTYPES_H 1
| #define HAVE_STDINT_H 1
| #define HAVE_UNISTD_H 1
| #define HAVE_DLFCN_H 1
| #define LT_OBJDIR ".libs/"
| #define POSTGIS_MAJOR_VERSION "3"
| #define POSTGIS_MINOR_VERSION "7"
| #define POSTGIS_MICRO_VERSION "0dev"
| #define HAVE_IEEEFP_H 0
| #define HAVE_TERMIOS_H 1
| #define HAVE_VASPRINTF 1
| #define HAVE_ASPRINTF 1
| #define HAVE_FSEEKO 1
| #define HAVE_ICONV 1
| #define PGSQL_LOCALEDIR "/home/wangbin/pgsql_trace/share/locale"
| #define HAVE_LIBPQ 1
| #define POSTGIS_PGSQL_VERSION 180
| #define POSTGIS_PGSQL_HR_VERSION 18.0
| #define HAVE_LIBXML_TREE_H 1
| #define HAVE_LIBXML_PARSER_H 1
| #define HAVE_LIBXML_XPATH_H 1
| #define HAVE_LIBXML_XPATHINTERNALS_H 1
| #define HAVE_LIBXML2 1
| #define POSTGIS_LIBXML2_VERSION "2.9.1"
| #define HAVE_LIBGEOS_C 1
| #define POSTGIS_GEOS_VERSION 31201
| #define HAVE_LIBGMP 1
| /* end confdefs.h.  */
| #include <CoreFoundation/CFLocale.h>
| int
| main ()
| {
| CFLocaleCopyPreferredLanguages();
|   ;
|   return 0;
| }
configure:17422: result: no
configure:17472: checking for GNU gettext in libc
configure:17501: gcc -o conftest -std=gnu11 -g -O2 -fno-math-errno -fno-signed-zeros -I/usr/local/gmp/include -I/usr/local/proj/includ -L/usr/local/gmp/lib  -L/usr/local/proj/lib64 -lm conftest.c -lgmp >&5
configure:17501: $? = 0
configure:17510: result: yes
configure:18391: checking whether to use NLS
configure:18393: result: yes
configure:18396: checking where the gettext function comes from
configure:18407: result: libc
configure:18492: result: Using user-specified proj directory: /usr/local/proj
configure:18606: checking proj_api.h usability
configure:18606: gcc -c -std=gnu11 -g -O2 -fno-math-errno -fno-signed-zeros -I/usr/local/proj/include conftest.c >&5
configure:18606: $? = 0
configure:18606: result: yes
configure:18606: checking proj_api.h presence
configure:18606: gcc -E -I/usr/local/proj/include conftest.c
configure:18606: $? = 0
configure:18606: result: yes
configure:18606: checking for proj_api.h
configure:18606: result: yes
configure:18632: checking PROJ version via compiled code
configure:18663: gcc -o conftest -I/usr/local/proj/include -I/usr/local/proj/include  conftest.c -lgmp >&5
configure:18663: $? = 0
configure:18663: ./conftest
configure:18663: $? = 0
configure:18676: result: 9.3.1
configure:18702: checking for pj_get_release in -lproj
configure:18727: gcc -o conftest -std=gnu11 -g -O2 -fno-math-errno -fno-signed-zeros -I/usr/local/gmp/include -I/usr/local/proj/includ -L/usr/local/gmp/lib  -L/usr/local/proj/lib64 -lm conftest.c -lproj  -L/usr/local/proj/lib -lproj >&5
/opt/rh/devtoolset-11/root/usr/libexec/gcc/x86_64-redhat-linux/11/ld: /tmp/ccrvokTU.o: in function `main':
/home/wangbin/work/postgis/conftest.c:58: undefined reference to `pj_get_release'
collect2: error: ld returned 1 exit status
configure:18727: $? = 1
configure: failed program was:
| /* confdefs.h */
| #define PACKAGE_NAME "postgis"
| #define PACKAGE_TARNAME "postgis"
| #define PACKAGE_VERSION "3.7 "
| #define PACKAGE_STRING "postgis 3.7 "
| #define PACKAGE_BUGREPORT ""
| #define PACKAGE_URL ""
| #define STDC_HEADERS 1
| #define HAVE_SYS_TYPES_H 1
| #define HAVE_SYS_STAT_H 1
| #define HAVE_STDLIB_H 1
| #define HAVE_STRING_H 1
| #define HAVE_MEMORY_H 1
| #define HAVE_STRINGS_H 1
| #define HAVE_INTTYPES_H 1
| #define HAVE_STDINT_H 1
| #define HAVE_UNISTD_H 1
| #define HAVE_DLFCN_H 1
| #define LT_OBJDIR ".libs/"
| #define POSTGIS_MAJOR_VERSION "3"
| #define POSTGIS_MINOR_VERSION "7"
| #define POSTGIS_MICRO_VERSION "0dev"
| #define HAVE_IEEEFP_H 0
| #define HAVE_TERMIOS_H 1
| #define HAVE_VASPRINTF 1
| #define HAVE_ASPRINTF 1
| #define HAVE_FSEEKO 1
| #define HAVE_ICONV 1
| #define PGSQL_LOCALEDIR "/home/wangbin/pgsql_trace/share/locale"
| #define HAVE_LIBPQ 1
| #define POSTGIS_PGSQL_VERSION 180
| #define POSTGIS_PGSQL_HR_VERSION 18.0
| #define HAVE_LIBXML_TREE_H 1
| #define HAVE_LIBXML_PARSER_H 1
| #define HAVE_LIBXML_XPATH_H 1
| #define HAVE_LIBXML_XPATHINTERNALS_H 1
| #define HAVE_LIBXML2 1
| #define POSTGIS_LIBXML2_VERSION "2.9.1"
| #define HAVE_LIBGEOS_C 1
| #define POSTGIS_GEOS_VERSION 31201
| #define HAVE_LIBGMP 1
| #define ENABLE_NLS 1
| #define HAVE_GETTEXT 1
| #define HAVE_DCGETTEXT 1
| #define POSTGIS_PROJ_VERSION 90301
| /* end confdefs.h.  */
| 
| /* Override any GCC internal prototype to avoid an error.
|    Use char because int might match the return type of a GCC
|    builtin and then its argument prototype would still apply.  */
| #ifdef __cplusplus
| extern "C"
| #endif
| char pj_get_release ();
| int
| main ()
| {
| return pj_get_release ();
|   ;
|   return 0;
| }
configure:18736: result: no
configure:18746: checking for proj_info in -lproj
configure:18772: gcc -o conftest -std=gnu11 -g -O2 -fno-math-errno -fno-signed-zeros -I/usr/local/gmp/include -I/usr/local/proj/includ -L/usr/local/gmp/lib  -L/usr/local/proj/lib64 -lm conftest.c -lproj
		 -L/usr/local/proj/lib -lproj >&5
configure:18772: $? = 0
configure:18781: result: yes
configure:18967: checking for JSONC
configure:18974: $PKG_CONFIG --exists --print-errors "json-c"
configure:18977: $? = 0
configure:18991: $PKG_CONFIG --exists --print-errors "json-c"
configure:18994: $? = 0
configure:19034: result: yes
configure:19750: checking if gcc supports -Wall
configure:19768: gcc -c -std=gnu11 -g -O2 -fno-math-errno -fno-signed-zeros -I/usr/local/gmp/include -I/usr/local/proj/includ -Wall conftest.c >&5
configure:19772: $? = 0
configure:19785: result: yes
configure:20072: result: phony-revision: 
configure:20127: result: TOPOLOGY: Topology support requested
configure:20483: result: RASTER: Raster support disabled
configure:24588: checking for C++ compiler version
configure:24597: gcc --version >&5
gcc (GCC) 11.2.1 20220127 (Red Hat 11.2.1-9)
Copyright (C) 2021 Free Software Foundation, Inc.
This is free software; see the source for copying conditions.  There is NO
warranty; not even for MERCHANTABILITY or FITNESS FOR A PARTICULAR PURPOSE.

configure:24608: $? = 0
configure:24597: gcc -v >&5
Using built-in specs.
COLLECT_GCC=gcc
COLLECT_LTO_WRAPPER=/opt/rh/devtoolset-11/root/usr/libexec/gcc/x86_64-redhat-linux/11/lto-wrapper
Target: x86_64-redhat-linux
Configured with: ../configure --enable-bootstrap --enable-languages=c,c++,fortran,lto --prefix=/opt/rh/devtoolset-11/root/usr --mandir=/opt/rh/devtoolset-11/root/usr/share/man --infodir=/opt/rh/devtoolset-11/root/usr/share/info --with-bugurl=http://bugzilla.redhat.com/bugzilla --enable-shared --enable-threads=posix --enable-checking=release --enable-multilib --with-system-zlib --enable-__cxa_atexit --disable-libunwind-exceptions --enable-gnu-unique-object --enable-linker-build-id --with-gcc-major-version-only --with-linker-hash-style=gnu --with-default-libstdcxx-abi=gcc4-compatible --enable-plugin --enable-initfini-array --with-isl=/builddir/build/BUILD/gcc-11.2.1-20220127/obj-x86_64-redhat-linux/isl-install --enable-gnu-indirect-function --with-tune=generic --with-arch_32=x86-64 --build=x86_64-redhat-linux
Thread model: posix
Supported LTO compression algorithms: zlib
gcc version 11.2.1 20220127 (Red Hat 11.2.1-9) (GCC) 
configure:24608: $? = 0
configure:24597: gcc -V >&5
gcc: error: unrecognized command-line option '-V'
gcc: fatal error: no input files
compilation terminated.
configure:24608: $? = 1
configure:24597: gcc -qversion >&5
gcc: error: unrecognized command-line option '-qversion'; did you mean '--version'?
gcc: fatal error: no input files
compilation terminated.
configure:24608: $? = 1
configure:24612: checking whether we are using the GNU C++ compiler
configure:24631: gcc -c  -x c++ conftest.cpp >&5
configure:24631: $? = 0
configure:24640: result: yes
configure:24649: checking whether gcc accepts -g
configure:24669: gcc -c -g -x c++ conftest.cpp >&5
configure:24669: $? = 0
configure:24710: result: yes
configure:24747: checking whether gcc supports C++11 features with -std=c++11
configure:25043: gcc -std=c++11 -c -g -O2 -x c++ conftest.cpp >&5
configure:25043: $? = 0
configure:25052: result: yes
configure:25095: checking for main in -lc++
configure:25114: gcc -std=c++11 -x c++ -o conftest  -x c++  conftest.c -lc++   >&5
/opt/rh/devtoolset-11/root/usr/libexec/gcc/x86_64-redhat-linux/11/ld: cannot find -lc++
collect2: error: ld returned 1 exit status
configure:25114: $? = 1
configure: failed program was:
| /* confdefs.h */
| #define PACKAGE_NAME "postgis"
| #define PACKAGE_TARNAME "postgis"
| #define PACKAGE_VERSION "3.7 "
| #define PACKAGE_STRING "postgis 3.7 "
| #define PACKAGE_BUGREPORT ""
| #define PACKAGE_URL ""
| #define STDC_HEADERS 1
| #define HAVE_SYS_TYPES_H 1
| #define HAVE_SYS_STAT_H 1
| #define HAVE_STDLIB_H 1
| #define HAVE_STRING_H 1
| #define HAVE_MEMORY_H 1
| #define HAVE_STRINGS_H 1
| #define HAVE_INTTYPES_H 1
| #define HAVE_STDINT_H 1
| #define HAVE_UNISTD_H 1
| #define HAVE_DLFCN_H 1
| #define LT_OBJDIR ".libs/"
| #define POSTGIS_MAJOR_VERSION "3"
| #define POSTGIS_MINOR_VERSION "7"
| #define POSTGIS_MICRO_VERSION "0dev"
| #define HAVE_IEEEFP_H 0
| #define HAVE_TERMIOS_H 1
| #define HAVE_VASPRINTF 1
| #define HAVE_ASPRINTF 1
| #define HAVE_FSEEKO 1
| #define HAVE_ICONV 1
| #define PGSQL_LOCALEDIR "/home/wangbin/pgsql_trace/share/locale"
| #define HAVE_LIBPQ 1
| #define POSTGIS_PGSQL_VERSION 180
| #define POSTGIS_PGSQL_HR_VERSION 18.0
| #define HAVE_LIBXML_TREE_H 1
| #define HAVE_LIBXML_PARSER_H 1
| #define HAVE_LIBXML_XPATH_H 1
| #define HAVE_LIBXML_XPATHINTERNALS_H 1
| #define HAVE_LIBXML2 1
| #define POSTGIS_LIBXML2_VERSION "2.9.1"
| #define HAVE_LIBGEOS_C 1
| #define POSTGIS_GEOS_VERSION 31201
| #define HAVE_LIBGMP 1
| #define ENABLE_NLS 1
| #define HAVE_GETTEXT 1
| #define HAVE_DCGETTEXT 1
| #define POSTGIS_PROJ_VERSION 90301
| #define HAVE_LIBPROJ 1
| #define HAVE_LIBJSON 1
| #define POSTGIS_DEBUG_LEVEL 0
| #define POSTGIS_VERSION "3.7 USE_GEOS=1 USE_PROJ=1 USE_STATS=1"
| #define POSTGIS_LIB_VERSION "3.7.0dev"
| #define POSTGIS_BUILD_DATE "2026-08-07 09:30:13"
| #define POSTGIS_SCRIPTS_VERSION "3.7.0dev"
| #define HAVE_CXX11 1
| /* end confdefs.h.  */
| 
| 
| int
| main ()
| {
| return main ();
|   ;
|   return 0;
| }
configure:25123: result: no
configure:25131: checking for main in -lstdc++
configure:25150: gcc -std=c++11 -x c++ -o conftest  -x c++  conftest.c -lstdc++   >&5
configure:25150: $? = 0
configure:25159: result: yes
configure:25202: result: enabling PostgreSQL extension support...
configure:25343: creating ./config.status

## ---------------------- ##
## Running config.status. ##
## ---------------------- ##

This file was extended by postgis config.status 3.7 , which was
generated by GNU Autoconf 2.69.  Invocation command line was

  CONFIG_FILES    = 
  CONFIG_HEADERS  = 
  CONFIG_LINKS    = 
  CONFIG_COMMANDS = 
  $ ./config.status 

on 7cc4dd9694cf

config.status:1338: creating GNUmakefile
config.status:1338: creating extensions/Makefile
config.status:1338: creating extensions/postgis/Makefile
config.status:1338: creating extensions/postgis_topology/Makefile
config.status:1338: creating liblwgeom/Makefile
config.status:1338: creating liblwgeom/cunit/Makefile
config.status:1338: creating liblwgeom/liblwgeom.h
config.status:1338: creating libpgcommon/Makefile
config.status:1338: creating libpgcommon/cunit/Makefile
config.status:1338: creating postgis/Makefile
config.status:1338: creating postgis/cunit/Makefile
config.status:1338: creating postgis/sqldefines.h
config.status:1338: creating sfcgal/Makefile
config.status:1338: creating loader/Makefile
config.status:1338: creating loader/cunit/Makefile
config.status:1338: creating topology/Makefile
config.status:1338: creating topology/test/Makefile
config.status:1338: creating regress/Makefile
config.status:1338: creating regress/core/Makefile
config.status:1338: creating regress/core/tests.mk
config.status:1338: creating regress/dumper/Makefile
config.status:1338: creating regress/loader/Makefile
config.status:1338: creating doc/Makefile
config.status:1338: creating doc/Makefile.comments
config.status:1338: creating doc/po/it_IT/Makefile
config.status:1338: creating doc/po/pt_BR/Makefile
config.status:1338: creating doc/po/fr/Makefile
config.status:1338: creating doc/po/es/Makefile
config.status:1338: creating doc/po/pl/Makefile
config.status:1338: creating doc/po/ka/Makefile
config.status:1338: creating doc/po/ko_KR/Makefile
config.status:1338: creating doc/po/da/Makefile
config.status:1338: creating doc/po/de/Makefile
config.status:1338: creating doc/po/ja/Makefile
config.status:1338: creating doc/po/ru/Makefile
config.status:1338: creating doc/po/zh_Hans/Makefile
config.status:1338: creating doc/po/ro/Makefile
config.status:1338: creating doc/po/sv/Makefile
config.status:1338: creating doc/po/uk/Makefile
config.status:1338: creating doc/po/be/Makefile
config.status:1338: creating doc/html/images/Makefile
config.status:1338: creating utils/Makefile
config.status:1338: creating raster/Makefile
config.status:1338: creating raster/rt_pg/Makefile
config.status:1338: creating deps/Makefile
config.status:1338: creating deps/ryu/Makefile
config.status:1338: creating deps/flatgeobuf/Makefile
config.status:1338: creating postgis_config.h
config.status:1533: executing libtool commands
config.status:1533: executing po-directories commands
configure:27854: result: 
configure:27856: result:   PostGIS is now configured for x86_64-unknown-linux-gnu
configure:27858: result: 
configure:27860: result:  -------------- Compiler Info ------------- 
configure:27862: result:   C compiler:           gcc -std=gnu11 -g -O2 -fno-math-errno -fno-signed-zeros -Wall -O2
configure:27869: result:   C++ compiler (FlatGeobuf): gcc -std=c++11 -x c++ 
configure:27872: result:   CPPFLAGS:              -I/usr/local/geos/include -I/usr/local/proj/include  -I/usr/include/libxml2 -I/usr/local/gmp/include    -I/usr/include/json-c   -DNDEBUG -I/usr/local/gmp/include -I/usr/local/proj/includ
configure:27874: result:   LDFLAGS:              -L/usr/local/gmp/lib  -L/usr/local/proj/lib64 -lm
configure:27876: result:   SQL preprocessor:     /opt/rh/devtoolset-11/root/usr/bin/cpp -traditional-cpp -w -P -Upixel -Ubool
configure:27878: result:   Archiver:             gcc-ar rs
configure:27880: result: 
configure:27882: result:  -------------- Additional Info ------------- 
configure:27889: result:   Interrupt Tests:   ENABLED
configure:27896: result: 
configure:27898: result:  -------------- Dependencies -------------- 
configure:27900: result:   GEOS config:          /usr/local/geos/bin/geos-config
configure:27902: result:   GEOS version:         3.12.1 (31201)
configure:27917: result:   PostgreSQL config:    /home/wangbin/pgsql_trace/bin/pg_config
configure:27919: result:   PostgreSQL version:   PostgreSQL 18.4_v1
configure:27921: result:   PostgreSQL bindir:    /home/wangbin/pgsql_trace/bin
configure:27923: result:   PostGIS utilities:    /home/wangbin/pgsql_trace/bin
configure:27929: result:   PROJ version:         9.3.1 (90301)
configure:27931: result:   Libxml2 config:       /usr/bin/xml2-config
configure:27933: result:   Libxml2 version:      2.9.1
configure:27935: result:   JSON-C support:       yes
configure:27938: result:   protobuf support:     no
configure:27945: result:   Perl:                 /usr/bin/perl
configure:27948: result: 
configure:27950: result:  --------------- Extensions --------------- 
configure:27954: result:   PostgreSQL EXTENSION support:       enabled
configure:27968: result:   PostGIS Raster:                     disabled
configure:27973: result:   PostGIS Topology:                   enabled
configure:27983: result:   SFCGAL support:                     disabled
configure:27987: result: 
configure:27989: result:  -------- Documentation Generation -------- 
configure:27991: result:   xsltproc:             /usr/bin/xsltproc
configure:27993: result:   docbook xsl base:     
configure:27995: result:   dblatex:              
configure:27997: result:   convert:              
configure:27999: result: 
configure:28025: WARNING: 
configure:28027: WARNING:  | You are building using --with-projdir. This option isn't standard and    |
configure:28029: WARNING:  | might be incompatible with future releases of PROJ.                      |
configure:28031: WARNING:  | You can instead adjust the PKG_CONFIG_PATH environment variable if you   |
configure:28033: WARNING:  | installed software in a non-standard prefix.                             |
configure:28035: WARNING:  | Alternatively, you may set the environment variables PROJ_CFLAGS and     |
configure:28037: WARNING:  | PROJ_LIBS to avoid the need to call pkg-config.                          |

## ---------------- ##
## Cache variables. ##
## ---------------- ##

_cv_exclude_libs=yes
_cv_nomatherrno=yes
_cv_nosemanticinterposition=yes
_cv_nosignedzeros=yes
_cv_std=yes
_cv_wall=yes
ac_cv_build=x86_64-unknown-linux-gnu
ac_cv_c_bigendian=no
ac_cv_c_compiler_clang=no
ac_cv_c_compiler_gnu=yes
ac_cv_cxx_compiler_gnu=yes
ac_cv_env_AR_FLAGS_set=
ac_cv_env_AR_FLAGS_value=
ac_cv_env_CCC_set=
ac_cv_env_CCC_value=
ac_cv_env_CC_set=
ac_cv_env_CC_value=
ac_cv_env_CFLAGS_set=
ac_cv_env_CFLAGS_value=
ac_cv_env_CPPFLAGS_set=set
ac_cv_env_CPPFLAGS_value='-I/usr/local/gmp/include -I/usr/local/proj/includ'
ac_cv_env_CPP_set=
ac_cv_env_CPP_value=
ac_cv_env_CUNIT_CFLAGS_set=
ac_cv_env_CUNIT_CFLAGS_value=
ac_cv_env_CUNIT_LIBS_set=
ac_cv_env_CUNIT_LIBS_value=
ac_cv_env_CXXCPP_set=
ac_cv_env_CXXCPP_value=
ac_cv_env_CXXFLAGS_set=
ac_cv_env_CXXFLAGS_value=
ac_cv_env_CXX_set=
ac_cv_env_CXX_value=
ac_cv_env_GEOS_CFLAGS_set=
ac_cv_env_GEOS_CFLAGS_value=
ac_cv_env_GEOS_LIBS_set=
ac_cv_env_GEOS_LIBS_value=
ac_cv_env_GMP_CFLAGS_set=
ac_cv_env_GMP_CFLAGS_value=
ac_cv_env_GMP_LIBS_set=
ac_cv_env_GMP_LIBS_value=
ac_cv_env_JSONC_CFLAGS_set=
ac_cv_env_JSONC_CFLAGS_value=
ac_cv_env_JSONC_LIBS_set=
ac_cv_env_JSONC_LIBS_value=
ac_cv_env_LDFLAGS_set=set
ac_cv_env_LDFLAGS_value='-L/usr/local/gmp/lib  -L/usr/local/proj/lib64'
ac_cv_env_LIBS_set=set
ac_cv_env_LIBS_value=-lgmp
ac_cv_env_LIBXML2_CFLAGS_set=
ac_cv_env_LIBXML2_CFLAGS_value=
ac_cv_env_LIBXML2_LIBS_set=
ac_cv_env_LIBXML2_LIBS_value=
ac_cv_env_PG_CONFIG_set=set
ac_cv_env_PG_CONFIG_value=/home/wangbin/pgsql_trace/bin/pg_config
ac_cv_env_PKG_CONFIG_LIBDIR_set=
ac_cv_env_PKG_CONFIG_LIBDIR_value=
ac_cv_env_PKG_CONFIG_PATH_set=set
ac_cv_env_PKG_CONFIG_PATH_value=/usr/local/gmp/lib/pkgconfig
ac_cv_env_PKG_CONFIG_set=
ac_cv_env_PKG_CONFIG_value=
ac_cv_env_PROJ_CFLAGS_set=
ac_cv_env_PROJ_CFLAGS_value=
ac_cv_env_PROJ_LIBS_set=
ac_cv_env_PROJ_LIBS_value=
ac_cv_env_PROTOBUFC_CFLAGS_set=
ac_cv_env_PROTOBUFC_CFLAGS_value=
ac_cv_env_PROTOBUFC_LIBS_set=
ac_cv_env_PROTOBUFC_LIBS_value=
ac_cv_env_build_alias_set=
ac_cv_env_build_alias_value=
ac_cv_env_host_alias_set=
ac_cv_env_host_alias_value=
ac_cv_env_target_alias_set=
ac_cv_env_target_alias_value=
ac_cv_func_asprintf=yes
ac_cv_func_iconvctl=no
ac_cv_func_libiconvctl=no
ac_cv_func_vasprintf=yes
ac_cv_header_dlfcn_h=yes
ac_cv_header_geos_c_h=yes
ac_cv_header_iconv_h=yes
ac_cv_header_ieeefp_h=no
ac_cv_header_inttypes_h=yes
ac_cv_header_libpq_fe_h=yes
ac_cv_header_libxml_parser_h=yes
ac_cv_header_libxml_tree_h=yes
ac_cv_header_libxml_xpathInternals_h=yes
ac_cv_header_libxml_xpath_h=yes
ac_cv_header_memory_h=yes
ac_cv_header_proj_api_h=yes
ac_cv_header_stdc=yes
ac_cv_header_stdint_h=yes
ac_cv_header_stdlib_h=yes
ac_cv_header_string_h=yes
ac_cv_header_strings_h=yes
ac_cv_header_sys_stat_h=yes
ac_cv_header_sys_types_h=yes
ac_cv_header_termios_h=yes
ac_cv_header_unistd_h=yes
ac_cv_host=x86_64-unknown-linux-gnu
ac_cv_lib_c_iconv_open=yes
ac_cv_lib_cpp_main=no
ac_cv_lib_geos_c_initGEOS=yes
ac_cv_lib_iconv_libiconv_open=no
ac_cv_lib_lex='none needed'
ac_cv_lib_pq_PQserverVersion=yes
ac_cv_lib_proj_pj_get_release=no
ac_cv_lib_proj_proj_info=yes
ac_cv_lib_stdcpp_main=yes
ac_cv_lib_xml2_xmlInitParser=yes
ac_cv_objext=o
ac_cv_path_CPPBIN=/opt/rh/devtoolset-11/root/usr/bin/cpp
ac_cv_path_EGREP='/usr/bin/grep -E'
ac_cv_path_FGREP='/usr/bin/grep -F'
ac_cv_path_GMSGFMT=:
ac_cv_path_GREP=/usr/bin/grep
ac_cv_path_MSGFMT=:
ac_cv_path_MSGMERGE=:
ac_cv_path_PERL=/usr/bin/perl
ac_cv_path_SED=/usr/bin/sed
ac_cv_path_XGETTEXT=:
ac_cv_path_XML2CONFIG=/usr/bin/xml2-config
ac_cv_path_XMLCATALOG=/usr/bin/xmlcatalog
ac_cv_path_XMLLINT=/usr/bin/xmllint
ac_cv_path_XSLTPROC=/usr/bin/xsltproc
ac_cv_path_YACC=/usr/bin/bison
ac_cv_path_ac_pt_PKG_CONFIG=/usr/bin/pkg-config
ac_cv_path_install='/usr/bin/install -c'
ac_cv_path_mkdir=/usr/bin/mkdir
ac_cv_prog_AWK=gawk
ac_cv_prog_CPP='gcc -E'
ac_cv_prog_LEX=flex
ac_cv_prog_ac_ct_AR=gcc-ar
ac_cv_prog_ac_ct_CC=gcc
ac_cv_prog_ac_ct_OBJDUMP=objdump
ac_cv_prog_ac_ct_RANLIB=gcc-ranlib
ac_cv_prog_ac_ct_STRIP=strip
ac_cv_prog_cc_c89=
ac_cv_prog_cc_g=yes
ac_cv_prog_cxx_g=yes
ac_cv_prog_lex_root=lex.yy
ac_cv_prog_lex_yytext_pointer=no
ac_cv_prog_make_make_set=yes
ac_cv_sys_largefile_source=no
acl_cv_libdirstems=lib,lib,lib64
acl_cv_prog_gnu_ld=yes
acl_cv_rpath=done
ax_cv_cxx_compile_cxx11__std_cpp11=yes
gl_cv_elf=yes
gl_cv_host_cpu_c_abi_32bit=no
gt_cv_func_CFLocaleCopyPreferredLanguages=no
gt_cv_func_CFPreferencesCopyAppValue=no
gt_cv_func_gnugettext1_libc=yes
lt_cv_ar_at_file=@
lt_cv_archive_cmds_need_lc=no
lt_cv_deplibs_check_method=pass_all
lt_cv_file_magic_cmd='$MAGIC_CMD'
lt_cv_file_magic_test_file=
lt_cv_ld_reload_flag=-r
lt_cv_nm_interface='BSD nm'
lt_cv_objdir=.libs
lt_cv_path_LD=/opt/rh/devtoolset-11/root/usr/libexec/gcc/x86_64-redhat-linux/11/ld
lt_cv_path_NM='/opt/rh/devtoolset-11/root/usr/bin/nm -B'
lt_cv_path_mainfest_tool=no
lt_cv_prog_compiler_c_o=yes
lt_cv_prog_compiler_pic='-fPIC -DPIC'
lt_cv_prog_compiler_pic_works=yes
lt_cv_prog_compiler_rtti_exceptions=no
lt_cv_prog_compiler_static_works=no
lt_cv_prog_gnu_ld=yes
lt_cv_sharedlib_from_linklib_cmd='printf %s\n'
lt_cv_shlibpath_overrides_runpath=no
lt_cv_sys_global_symbol_pipe='sed -n -e '\''s/^.*[	 ]\([ABCDGIRSTW][ABCDGIRSTW]*\)[	 ][	 ]*\([_A-Za-z][_A-Za-z0-9]*\)$/\1 \2 \2/p'\'' | sed '\''/ __gnu_lto/d'\'''
lt_cv_sys_global_symbol_to_c_name_address='sed -n -e '\''s/^: \([^ ]*\)[ ]*$/  {\"\1\", (void *) 0},/p'\'' -e '\''s/^[ABCDGIRSTW]* \([^ ]*\) \([^ ]*\)$/  {"\2", (void *) \&\2},/p'\'''
lt_cv_sys_global_symbol_to_c_name_address_lib_prefix='sed -n -e '\''s/^: \([^ ]*\)[ ]*$/  {\"\1\", (void *) 0},/p'\'' -e '\''s/^[ABCDGIRSTW]* \([^ ]*\) \(lib[^ ]*\)$/  {"\2", (void *) \&\2},/p'\'' -e '\''s/^[ABCDGIRSTW]* \([^ ]*\) \([^ ]*\)$/  {"lib\2", (void *) \&\2},/p'\'''
lt_cv_sys_global_symbol_to_cdecl='sed -n -e '\''s/^T .* \(.*\)$/extern int \1();/p'\'' -e '\''s/^[ABCDGIRSTW]* .* \(.*\)$/extern char \1;/p'\'''
lt_cv_sys_max_cmd_len=1572864
lt_cv_to_host_file_cmd=func_convert_file_noop
lt_cv_to_tool_file_cmd=func_convert_file_noop
pkg_cv_GMP_CFLAGS='-I/usr/local/gmp/include  '
pkg_cv_GMP_LIBS='-L/usr/local/gmp/lib -lgmp  '
pkg_cv_JSONC_CFLAGS='-I/usr/include/json-c  '
pkg_cv_JSONC_LIBS='-ljson-c  '

## ----------------- ##
## Output variables. ##
## ----------------- ##

AR='gcc-ar'
AR_FLAGS='rs'
AWK='gawk'
CAN_BUILD_COMMENTS='yes'
CAN_BUILD_EPUB='no'
CAN_BUILD_PDF='no'
CC='gcc'
CFLAGS='-std=gnu11 -g -O2 -fno-math-errno -fno-signed-zeros -Wall -O2'
CODESPELL=''
CONVERT=''
CPP='gcc -E'
CPPBIN='/opt/rh/devtoolset-11/root/usr/bin/cpp'
CPPFLAGS=' -I/usr/local/geos/include -I/usr/local/proj/include  -I/usr/include/libxml2 -I/usr/local/gmp/include    -I/usr/include/json-c   -DNDEBUG -I/usr/local/gmp/include -I/usr/local/proj/includ'
CUNIT_CFLAGS=''
CUNIT_CPPFLAGS=''
CUNIT_LDFLAGS=''
CUNIT_LIBS=''
CXX=''
CXXCPP=''
CXXFLAGS=''
DBLATEX=''
DBTOEPUB=''
DEFS='-DHAVE_CONFIG_H'
DEPS_SUBDIR=''
DLLTOOL='false'
DOCBOOK5_DTD=''
DOCBOOK5_RNG=''
DSYMUTIL=''
DUMPBIN=''
ECHO_C=''
ECHO_N='-n'
ECHO_T=''
EGREP='/usr/bin/grep -E'
EXCLUDELIBS_LDFLAGS='-Wl,--exclude-libs,ALL'
EXEEXT=''
EXESUFFIX=''
EXTENSIONS='extensions'
FGREP='/usr/bin/grep -F'
FLATGEOBUF_CXX='gcc -std=c++11 -x c++'
FLATGEOBUF_LDFLAGS='-lstdc++'
FLATGEOBUF_LIB='libflatgeobuf.la'
GDAL_CONFIG=''
GEOSCONFIG='/usr/local/geos/bin/geos-config'
GEOS_CFLAGS=''
GEOS_CPPFLAGS='-I/usr/local/geos/include'
GEOS_LDFLAGS='-L/usr/local/geos/lib64 -lgeos_c'
GEOS_LIBS=''
GETTEXT_CFLAGS=''
GETTEXT_LDFLAGS=''
GETTEXT_MACRO_VERSION='0.20'
GMP_CFLAGS='-I/usr/local/gmp/include  '
GMP_LIBS='-L/usr/local/gmp/lib -lgmp  '
GMSGFMT=':'
GMSGFMT_015=':'
GPP=''
GREP='/usr/bin/grep'
GTK_BUILD=''
GTK_CFLAGS=''
GTK_LIBS=''
GTK_WIN32_FLAGS=''
GTK_WIN32_RES=''
HAVE_CXX11='1'
HAVE_FLATGEOBUF='yes'
HAVE_JSON='yes'
HAVE_PROTOBUF='no'
HAVE_SFCGAL=''
HAVE_SPGIST='yes'
HAVE_WAGYU=''
ICONV_CFLAGS=''
ICONV_LDFLAGS=' -lc'
IGE_MAC_CFLAGS=''
IGE_MAC_LIBS=''
INSTALL_DATA='${INSTALL} -m 644'
INSTALL_EXTENSION_UPGRADES='yes'
INSTALL_PROGRAM='${INSTALL}'
INSTALL_SCRIPT='${INSTALL}'
INTERRUPTTESTS='yes'
INTLLIBS=''
INTL_MACOSX_LIBS=''
JSONC_CFLAGS='-I/usr/include/json-c  '
JSONC_LIBS='-ljson-c  '
JSON_CPPFLAGS='-I/usr/include/json-c  '
JSON_LDFLAGS='-ljson-c  '
LD='/opt/rh/devtoolset-11/root/usr/libexec/gcc/x86_64-redhat-linux/11/ld'
LDFLAGS='-L/usr/local/gmp/lib  -L/usr/local/proj/lib64 -lm'
LEX='flex'
LEXLIB=''
LEX_OUTPUT_ROOT='lex.yy'
LIBGDAL_CFLAGS=''
LIBGDAL_DEPLIBS_LDFLAGS=''
LIBGDAL_LDFLAGS=''
LIBICONV='-liconv'
LIBINCLUDEMINORVERSION='no'
LIBINTL=''
LIBLWGEOM_AGE='0'
LIBLWGEOM_CURRENT='0'
LIBLWGEOM_REV='0'
LIBOBJS=''
LIBS='-lgmp'
LIBTOOL='$(SHELL) $(top_builddir)/libtool'
LIBXML2_CFLAGS=''
LIBXML2_LIBS=''
LIPO=''
LN_S='ln -s'
LTLIBICONV='-liconv'
LTLIBINTL=''
LTLIBOBJS=''
MANIFEST_TOOL=':'
MINGWBUILD='0'
MKDIR_P='/usr/bin/mkdir -p'
MODULE_CFLAGS=' -fno-semantic-interposition'
MSGATTRIB=''
MSGCAT=''
MSGCOMM=''
MSGFMT=':'
MSGINIT=''
MSGMERGE=':'
MSGMERGE_FOR_MSGFMT_OPTION='--no-location --quiet'
NM='/opt/rh/devtoolset-11/root/usr/bin/nm -B'
NMEDIT=''
OBJDUMP='objdump'
OBJEXT='o'
OTOOL64=''
OTOOL=''
PACKAGE_BUGREPORT=''
PACKAGE_NAME='postgis'
PACKAGE_STRING='postgis 3.7 '
PACKAGE_TARNAME='postgis'
PACKAGE_URL=''
PACKAGE_VERSION='3.7 '
PATH_SEPARATOR=':'
PERL='/usr/bin/perl'
PGSQL_BE_CPPFLAGS='-I/home/wangbin/pgsql_trace/include/server'
PGSQL_BINDIR='/home/wangbin/pgsql_trace/bin'
PGSQL_DOCDIR='/home/wangbin/pgsql_trace/share/doc'
PGSQL_FE_CPPFLAGS='-I/home/wangbin/pgsql_trace/include'
PGSQL_FE_LDFLAGS='-L/home/wangbin/pgsql_trace/lib -lpq'
PGSQL_MANDIR='/home/wangbin/pgsql_trace/share/man'
PGSQL_SHAREDIR='/home/wangbin/pgsql_trace/share'
PGXS='/home/wangbin/pgsql_trace/lib/pgxs/src/makefiles/pgxs.mk'
PG_CONFIG='/home/wangbin/pgsql_trace/bin/pg_config'
PHONY_REVISION='yes'
PICFLAGS=' -fPIC -DPIC'
PKG_CONFIG='/usr/bin/pkg-config'
PKG_CONFIG_LIBDIR=''
PKG_CONFIG_PATH='/usr/local/gmp/lib/pkgconfig'
POSTGIS_BUILD_DATE='2026-08-07 09:30:13'
POSTGIS_GDAL_VERSION=''
POSTGIS_GEOS_VERSION='31201'
POSTGIS_LIBXML2_VERSION='2.9.1'
POSTGIS_LIB_VERSION='3.7.0dev'
POSTGIS_MAJOR_VERSION='3'
POSTGIS_MICRO_VERSION='0dev'
POSTGIS_MINOR_VERSION='7'
POSTGIS_PGSQL_HR_VERSION='18.0'
POSTGIS_PGSQL_VERSION='180'
POSTGIS_PROJ_VERSION='90301'
POSTGIS_SCRIPTS_VERSION='3.7.0dev'
POSTGIS_SFCGAL_VERSION='0'
POSTGIS_VERSION='3.7 USE_GEOS=1 USE_PROJ=1 USE_STATS=1'
POSUB='po'
PROJ_CFLAGS=''
PROJ_CPPFLAGS='-I/usr/local/proj/include'
PROJ_LDFLAGS='-L/usr/local/proj/lib -lproj'
PROJ_LIBS=''
PROTOBUFC_CFLAGS=''
PROTOBUFC_LIBS=''
PROTOBUF_CPPFLAGS=''
PROTOBUF_LDFLAGS=''
PROTOCC=''
PROTOC_VERSION=''
RANLIB='gcc-ranlib'
RASTER=''
RT_CORE_LIB=''
RT_LOADER=''
RT_PG_LIB=''
RT_POSTGIS_SQL=''
RYU_LIB='libryu.la'
SED='/usr/bin/sed'
SET_MAKE=''
SFCGAL=''
SFCGAL_CONFIG=''
SFCGAL_CPPFLAGS=''
SFCGAL_LDFLAGS=''
SFCGAL_OBJS=''
SFCGAL_VERSION=''
SHELL='/bin/sh'
SHLIB_LINK=' -L/usr/local/geos/lib64 -lgeos_c -L/usr/local/proj/lib -lproj -ljson-c    -lxml2 -lz -lm -ldl -L/usr/local/gmp/lib -lgmp    -Wl,--exclude-libs,ALL -L/usr/local/gmp/lib  -L/usr/local/proj/lib64 -lm'
SQLPP='/opt/rh/devtoolset-11/root/usr/bin/cpp -traditional-cpp -w -P -Upixel -Ubool'
SRID_MAX='999999'
SRID_USR_MAX='998999'
STRIP='strip'
SUPPORT_POSTGRESQL='yes'
TOPOLOGY='topology'
USE_NLS='no'
WAGYU_CXX=''
WAGYU_LDFLAGS=''
WAGYU_LIB=''
XCRUN=''
XGETTEXT=':'
XGETTEXT_015=':'
XGETTEXT_EXTRA_OPTIONS=''
XML2CONFIG='/usr/bin/xml2-config'
XML2POT=''
XMLCATALOG='/usr/bin/xmlcatalog'
XMLLINT='/usr/bin/xmllint'
XSLBASE=''
XSLTPROC='/usr/bin/xsltproc'
YACC='/usr/bin/bison'
ac_ct_AR='gcc-ar'
ac_ct_CC='gcc'
ac_ct_CXX=''
ac_ct_DUMPBIN=''
ac_ct_RANLIB='gcc-ranlib'
bindir='/home/wangbin/pgsql_trace/bin'
build='x86_64-unknown-linux-gnu'
build_alias=''
build_cpu='x86_64'
build_os='linux-gnu'
build_vendor='unknown'
datadir='${datarootdir}'
datarootdir='${prefix}/share'
docdir='${datarootdir}/doc/${PACKAGE_TARNAME}'
dvidir='${docdir}'
exec_prefix='${prefix}'
host='x86_64-unknown-linux-gnu'
host_alias=''
host_cpu='x86_64'
host_os='linux-gnu'
host_vendor='unknown'
htmldir='${docdir}'
includedir='${prefix}/include'
infodir='${datarootdir}/info'
libdir='${exec_prefix}/lib'
libexecdir='${exec_prefix}/libexec'
localedir='${datarootdir}/locale'
localstatedir='${prefix}/var'
mandir='${datarootdir}/man'
oldincludedir='/usr/include'
pdfdir='${docdir}'
prefix='/usr/local'
program_transform_name='s,x,x,'
psdir='${docdir}'
sbindir='${exec_prefix}/sbin'
sharedstatedir='${prefix}/com'
sysconfdir='${prefix}/etc'
target_alias=''

## ----------- ##
## confdefs.h. ##
## ----------- ##

/* confdefs.h */
#define PACKAGE_NAME "postgis"
#define PACKAGE_TARNAME "postgis"
#define PACKAGE_VERSION "3.7 "
#define PACKAGE_STRING "postgis 3.7 "
#define PACKAGE_BUGREPORT ""
#define PACKAGE_URL ""
#define STDC_HEADERS 1
#define HAVE_SYS_TYPES_H 1
#define HAVE_SYS_STAT_H 1
#define HAVE_STDLIB_H 1
#define HAVE_STRING_H 1
#define HAVE_MEMORY_H 1
#define HAVE_STRINGS_H 1
#define HAVE_INTTYPES_H 1
#define HAVE_STDINT_H 1
#define HAVE_UNISTD_H 1
#define HAVE_DLFCN_H 1
#define LT_OBJDIR ".libs/"
#define POSTGIS_MAJOR_VERSION "3"
#define POSTGIS_MINOR_VERSION "7"
#define POSTGIS_MICRO_VERSION "0dev"
#define HAVE_IEEEFP_H 0
#define HAVE_TERMIOS_H 1
#define HAVE_VASPRINTF 1
#define HAVE_ASPRINTF 1
#define HAVE_FSEEKO 1
#define HAVE_ICONV 1
#define PGSQL_LOCALEDIR "/home/wangbin/pgsql_trace/share/locale"
#define HAVE_LIBPQ 1
#define POSTGIS_PGSQL_VERSION 180
#define POSTGIS_PGSQL_HR_VERSION 18.0
#define HAVE_LIBXML_TREE_H 1
#define HAVE_LIBXML_PARSER_H 1
#define HAVE_LIBXML_XPATH_H 1
#define HAVE_LIBXML_XPATHINTERNALS_H 1
#define HAVE_LIBXML2 1
#define POSTGIS_LIBXML2_VERSION "2.9.1"
#define HAVE_LIBGEOS_C 1
#define POSTGIS_GEOS_VERSION 31201
#define HAVE_LIBGMP 1
#define ENABLE_NLS 1
#define HAVE_GETTEXT 1
#define HAVE_DCGETTEXT 1
#define POSTGIS_PROJ_VERSION 90301
#define HAVE_LIBPROJ 1
#define HAVE_LIBJSON 1
#define POSTGIS_DEBUG_LEVEL 0
#define POSTGIS_VERSION "3.7 USE_GEOS=1 USE_PROJ=1 USE_STATS=1"
#define POSTGIS_LIB_VERSION "3.7.0dev"
#define POSTGIS_BUILD_DATE "2026-08-07 09:30:13"
#define POSTGIS_SCRIPTS_VERSION "3.7.0dev"
#define HAVE_CXX11 1
#define HAVE_FLATGEOBUF 1

configure: exit 0
